letter,name_value
A,Aamarus
B,Baccira
C,Cacia
D,D'Anza
E,E'luaz
F,Fadilah
G,Gaben
H,H'thana
I,Iadara
J,Jaafer
K,Kaarthiga
L,Lachere
M,Macaan
N,Nabril
O,Oalwa
P,Pacetor
Q,Q'orianka
R,Rachna
S,Sabirine
T,Taarnahm
U,Uandras
V,Vadalma
W,Wace
X,Xactan
Y,Yablik
Z,Z'nyra
A,Aaminah
B,Bacola
C,Cada
D,D'Atra
E,Eadwine
F,Fadrinne
G,Gabirel
H,Hacathra
I,Iamar
J,Jaala
K,Kabak
L,Lachesis
M,Maddrell
N,Nadan
O,Oanna
P,Paddin
Q,Qadria
R,Radarys
S,Sabra
T,Tabar
U,Ucobal
V,Vadania
W,Waelina
X,Xaemarra
Y,Yacheetes
Z,Zabadiah
A,Aanon
B,Badem
C,Cadell
D,D'Avonni
E,Eadyth
F,Faduma
G,Gaddis
H,Hadante
I,Iavunabus
J,Jaanu
K,Kabir
L,Lachman
M,Madelene
N,Nadenka
O,Oannes
P,Padriac
Q,Qadriene
R,Radella
S,Sadebreth
T,Tace
U,Udalia
V,Vadarin
W,Waemerk
X,Xalana
Y,Yadkin
Z,Zabaid
A,Aarlen
B,Badon
C,Cadeltra
D,Daarina
E,Ealfhelm
F,Faedowin
G,Gaderian
H,Hadasha
I,Ibalida
J,Jabez
K,Kabrina
L,Ladion
M,Madenia
N,Nadya
O,Oathkeeper
P,Padrig
Q,Qamrul
R,Radisson
S,Sadira
T,Tadita
U,Ugalius
V,Vadena
W,Waera
X,Xambria
Y,Yagna
Z,Zabrze
A,Abantees
B,Badria
C,Cadelyn
D,Dabir
E,Ealfwig
F,Faelar
G,Gadra
H,Hadden
I,Ibaymma
J,Jacek
K,Kacia
L,Laduni
M,Madhukar
N,Naek
O,Oathslayer
P,Paedra
Q,Qantez
R,Raele
S,Sadomai
T,Tadrond
U,Uhashnak
V,Vadim
W,Walder
X,Xan
Y,Yaimara
Z,Zachan
A,Abaris
B,Baduv
C,Cadmar
D,Dace
E,Eames
F,Faellorn
G,Gaedynn
H,Hadem
I,Ibbett
J,Jacenelle
K,Kaddok
L,Laelithar
M,Mador
N,Naelex
O,Oathsmith
P,Paethiel
Q,Qara
R,Raesdic
S,Sadric
T,Tadzi
U,Ulani
V,Vadusa
W,Waldra
X,Xandos
Y,Yakin
Z,Zacharia
A,Abasi
B,Baeron
C,Cadmus
D,Dacia
E,Eandroth
F,Faelon
G,Gaelle
H,Hadiya
I,Ibrech
J,Jacerryl
K,Kaden
L,Laera
M,Madrale
N,Naemriel
O,Obart
P,Pagmar
Q,Qari
R,Raething
S,Sadryn
T,Taelin
U,Ulara
V,Vaelahr
W,Walen
X,Xanon
Y,Yaksha
Z,Zadkiel
A,Abblier
B,Bailey
C,Cadoc
D,Dacian
E,Earthbearer
F,Faerindyl
G,Gaera
H,Hadone
I,Ibron
J,Jacinda
K,Kadiresan
L,Laerdya
M,Madriel
N,Naergoth
O,Obella
P,Pagus
Q,Qarto
R,Raevich
S,Saelyss
T,Taena
U,Ulastel
V,Vaellyn
W,Wallac
X,Xaphan
Y,Yalena
Z,Zadore
A,Abdel
B,Baiyen
C,Cador
D,Daecyn
E,Earynn
F,Faertala
G,Gaerel
H,Hadran
I,Icenas
J,Jacinth
K,Kadra
L,Laerico
M,Madrot
N,Naeron
O,Oberon
P,Pajon
Q,Qasim
R,Raezil
S,Saerlg
T,Taenarus
U,Ulbrea
V,Vaishali
W,Walmac
X,Xaralien
Y,Yamano
Z,Zaghnal
A,Abelard
B,Bakutis
C,Cadry
D,Daedeline
E,Easan
F,Faervian
G,Gaetan
H,Hadria
I,Iceni
J,Jadhav
K,Kadrax
L,Laertes
M,Madsen
N,Naevan
O,Ocallian
P,Palamides
Q,Qassam
R,Raf
S,Saeros
T,Taerl
U,Ulcey
V,Vaius
W,Walvis
X,Xaralyna
Y,Yamidala
Z,Zagros
A,Abelyra
B,Balaam
C,Cadwaller
D,Daedinnear
E,Eathe
F,Faeryl
G,Gafna
H,Hadrion
I,Icharyd
J,Jadrien
K,Kadyx
L,Laertilus
M,Madulara
N,Nafrayu
O,Ochdran
P,Palanetra
Q,Qazi
R,Rafet
S,Saewald
T,Taeron
U,Ulcrun
V,Vakanga
W,Wampari
X,Xareni
Y,Yammas
Z,Zagya
A,Abeni
B,Baladi
C,Cadyr
D,Daeges
E,Ebra
F,Fafnir
G,Gagnon
H,Hadrothil
I,Icob
J,Jael
K,Kaelian
L,Laethis
M,Maelys
N,Nagada
O,Ocker
P,Paldeth
Q,Qeteb
R,Raff
S,Safana
T,Taetra
U,Ulda
V,Vala
W,Warok
X,Xarilia
Y,Yana
Z,Zaharsian
A,Abergast
B,Balaena
C,Caecil
D,Daegus
E,Ebrigil
F,Fahad
G,Gaio
H,Haduma
I,Icoxiri
J,Jaelryn
K,Kaemon
L,Lahm
M,Maenala
N,Nagor
O,Ockert
P,Palenix
Q,Qhuelon
R,Rafiq
S,Sagan
T,Taevius
U,Uliana
V,Valachan
W,Warrender
X,Xathos
Y,Yanil
Z,Zahra
A,Aberik
B,Balagarn
C,Caelia
D,Daellemar
E,Ebrin
F,Fahren
G,Gairlie
H,Haelus
I,Idaeus
J,Jaeron
K,Kaftan
L,Laianna
M,Maenalus
N,Nahele
O,Octienne
P,Paline
Q,Qiana
R,Raggai
S,Sagara
T,Tafoya
U,Ulima
V,Valadiun
W,Warrick
X,Xavion
Y,Yanto
Z,Zahun
A,Abi
B,Balamaon
C,Caelkoth
D,Daelomiel
E,Ebrose
F,Failona
G,Gairwyn
H,Haeron
I,Idalmis
J,Jaezred
K,Kaggen
L,Lailah
M,Maera
N,Nahung
O,Octovene
P,Palinus
Q,Qill
R,Raghad
S,Sagartus
T,Tagus
U,Ulinda
V,Valamyr
W,Wartle
X,Xaysana
Y,Yaphyll
Z,Zaida
A,Abira
B,Balchae
C,Caelum
D,Daelric
E,Ebulan
F,Faino
G,Gaitan
H,Haestra
I,Idania
J,Jafet
K,Kaharine
L,Lain
M,Maerlus
N,Naiara
O,Ocymos
P,Palitane
Q,Qioni
R,Ragheela
S,Sagrell
T,Taise
U,Ulisa
V,Valarde
W,Washio
X,Xeeff
Y,Yaqob
Z,Zaintiraris
A,Abkii
B,Baldomero
C,Caenis
D,Daemar
E,Ecotana
F,Fairese
G,Gaius
H,Hafiza
I,Idrael
J,Jafra
K,Kahlan
L,Laira
M,Maeros
N,Naiat
O,Odach
P,Pallimir
Q,Qipley
R,Ragna
S,Sahin
T,Takara
U,Ulkarien
V,Valas
W,Waspen
X,Xeerrnan
Y,Yara
Z,Zaira
A,Abramo
B,Baleth
C,Caerfom
D,Daeos
E,Ectorios
F,Faisal
G,Gaiyathri
H,Hagar
I,Idris
J,Jagan
K,Kaia
L,Laitannen
M,Maeus
N,Naida
O,Odanis
P,Pallonia
Q,Qirecia
R,Ragnar
S,Sahriel
T,Talador
U,Ullin
V,Valathond
W,Waymar
X,Xemelenos
Y,Yaras
Z,Zaisho
A,Abran
B,Balian
C,Caerthann
D,Daeraelon
E,Ectya
F,Faitir
G,Gajanan
H,Hagni
I,Idros
J,Jagannath
K,Kaif
L,Laius
M,Maevattana
N,Naiden
O,Odemira
P,Palmyra
Q,Qizhen
R,Ragon
S,Saida
T,Talara
U,Ulodius
V,Valda
W,Waynolt
X,Xenavee
Y,Yardos
Z,Zajar
A,Abrasax
B,Baliel
C,Caesin
D,Daereth
E,Ecub
F,Faizal
G,Gajendra
H,Hagrion
I,Idwa
J,Jagat
K,Kail
L,Lakesh
M,Maeve
N,Naila
O,Oderic
P,Palmys
Q,Qoriana
R,Ragrath
S,Saigas
T,Talath
U,Ulorian
V,Valdel
W,Weilen
X,Xengsu
Y,Yareli
Z,Zajimarn
A,Abria
B,Balin
C,Cafal
D,Daeron
E,Edana
F,Falal
G,Galacito
H,Haida
I,Idwold
J,Jagdish
K,Kailen
L,Lakethrya
M,Maeve
N,Nailo
O,Odesseiron
P,Palossar
Q,Quaaron
R,Raguel
S,Sajidah
T,Talaudrym
U,Ulrica
V,Valdemar
W,Welkirk
X,Xenia
Y,Yarie
Z,Zakath
A,Acamus
B,Balithan
C,Cafferty
D,Daersis
E,Edarion
F,Falana
G,Galadaster
H,Haider
I,Ifwin
J,Jagmohan
K,Kailiwyn
L,Lakshmi
M,Mafindel
N,Nain
O,Odevan
P,Panagaris
Q,Quadara
R,Rahasia
S,Sakata
T,Taldor
U,Ulsan
V,Valdick
W,Wellura
X,Xeno
Y,Yaril
Z,Zakath
A,Achar
B,Balles
C,Caffery
D,Daerthane
E,Edelray
F,Falda
G,Galaeron
H,Haila
I,Igan
J,Jago
K,Kainne
L,Lalali
M,Magal
N,Naivasha
O,Odi
P,Panagiotis
Q,Quadir
R,Raheem
S,Sakatha
T,Talea
U,Ulsena
V,Valdis
W,Welm
X,Xenous
Y,Yaromira
Z,Zakhara
A,Achates
B,Balmund
C,Cahil
D,Daetra
E,Edessa
F,Faldorn
G,Galambos
H,Haille
I,Igerdrazaar
J,Jagreth
K,Kairn
L,Lalasa
M,Magandar
N,Najera
O,Odiare
P,Pandarus
Q,Quadri
R,Rahkali
S,Sakeris
T,Talelia
U,Ultan
V,Valdivia
W,Weltha
X,Xera
Y,Yarthin
Z,Zalar
A,Acknar
B,Balmundos
C,Cahmir
D,Daffron
E,Edina
F,Faldranafari
G,Galath
H,Hain
I,Ignac
J,Jahazeil
K,Kajal
L,Laleh
M,Magda
N,Najjar
O,Odma
P,Pandrasus
Q,Quaiel
R,Rahmel
S,Sakima
T,Talghaz
U,Ultham
V,Valdoria
W,Wencen
X,Xerastos
Y,Yarumal
Z,Zald
A,Acrasia
B,Balochi
C,Cahulak
D,Dafna
E,Edlyn
F,Falean
G,Galaunnis
H,Haitea
I,Ignas
J,Jaheira
K,Kakabel
L,Lalit
M,Magellan
N,Nakar
O,Odo
P,Pandurima
Q,Quaji
R,Rahni
S,Sakkrad
T,Talia
U,Ulutor
V,Valdosta
W,Wendamyr
X,Xerlyn
Y,Yasheira
Z,Zalios
A,Adabel
B,Balogh
C,Caia
D,Dagan
E,Edmael
F,Faleeta
G,Galbedir
H,Haizrul
I,Igraine
J,Jaia
K,Kalamos
L,Lallara
M,Magena
N,Nakase
O,Odric
P,Pangar
Q,Qualdo
R,Rahu
S,Saladen
T,Talibor
U,Ulvenar
V,Valeda
W,Wendello
X,Xhosm
Y,Yasmin
Z,Zaliosta
A,Adah
B,Balok
C,Caid
D,Dagania
E,Edman
F,Falencia
G,Galbet
H,Hakan
I,Ikarthis
J,Jaka
K,Kalan
L,Lamalha
M,Magessa
N,Nalambar
O,Odriel
P,Pania
Q,Qualic
R,Raia
S,Salar
T,Taliem
U,Ulwyck
V,Valeria
W,Wenden
X,Ximena
Y,Yassam
Z,Zallanora
A,Adalia
B,Balqis
C,Cailynn
D,Daggerford
E,Edmondstone
F,Falesya
G,Galdor
H,Hakima
I,Ikshada
J,Jakasen
K,Kalannar
L,Lamarra
M,Maginsa
N,Nalana
O,Odrovir
P,Panope
Q,Quallem
R,Raidamos
S,Salasker
T,Talindra
U,Ulzana
V,Valeska
W,Weninda
X,Ximoara
Y,Yattara
Z,Zaltana
A,Adalon
B,Balyn
C,Caimael
D,Dagmar
E,Edmure
F,Falguni
G,Galeann
H,Haktla
I,Ilara
J,Jakaya
K,Kalavathi
L,Lammas
M,Magnil
N,Nalanda
O,Odvar
P,Pantelis
Q,Quamara
R,Raina
S,Saldan
T,Talindurum
U,Umandiira
V,Valgon
W,Weniret
X,Xintian
Y,Yavanna
Z,Zaltec
A,Adalwulf
B,Bandor
C,Caiphas
D,Dagmer
E,Edohm
F,Faline
G,Galeno
H,Halabant
I,Ilba
J,Jakielan
K,Kaldair
L,Lamordia
M,Magnimar
N,Nalcaum
O,Odwald
P,Paphren
Q,Quantoul
R,Rairun
S,Salders
T,Talira
U,Umbert
V,Valin
W,Wenna
X,Xioli
Y,Yavari
Z,Zalurit
A,Adamina
B,Banick
C,Cairinn
D,Dagorlad
E,Edolia
F,Falisa
G,Galenun
H,Halacan
I,Ilbratha
J,Jakome
K,Kaleen
L,Lamrith
M,Magog
N,Naldi
O,Ofaniel
P,Parallon
Q,Quarlous
R,Raissa
S,Saleas
T,Tallin
U,Umedama
V,Valinda
W,Wenric
X,Xiomara
Y,Yavil
Z,Zalyna
A,Adamma
B,Banor
C,Calabaz
D,Dagory
E,Edrea
F,Falmari
G,Galgaliel
H,Halamana
I,Ileosa
J,Jakteth
K,Kaleth
L,Lanalia
M,Magorian
N,Nalebranc
O,Oflune
P,Pargus
Q,Quarn
R,Raith
S,Saleet
T,Tallstag
U,Umicia
V,Valisa
W,Wenz
X,Xippus
Y,Yavilana
Z,Zamaran
A,Adamon
B,Banraun
C,Caladan
D,Dagos
E,Edric
F,Falor
G,Galia
H,Halandar
I,Iletra
J,Jalac
K,Kalevi
L,Landira
M,Maiana
N,Nalek
O,Ogden
P,Pari
Q,Quathiel
R,Rajan
S,Salember
T,Talmariel
U,Umilatha
V,Valisteroi
W,Werrenir
X,Xithin
Y,Yeanasha
Z,Zambi
A,Adan
B,Banwell
C,Calandra
D,Dagrun
E,Edus
F,Falrinn
G,Galin
H,Halav
I,Ilfalas
J,Jalana
K,Kalia
L,Landon
M,Maira
N,Nalfeen
O,Ogeeyin
P,Paridon
Q,Quatriea
R,Rajasta
S,Saleos
T,Talmen
U,Unallara
V,Valka
W,Wesla
X,Xiuyun
Y,Yeddikadar
Z,Zamithra
A,Adanja
B,Baphyra
C,Calantha
D,Dahad
E,Edusascar
F,Falun
G,Galina
H,Halbrinn
I,Ilges
J,Jalandra
K,Kaliesh
L,Laneren
M,Mais
N,Naliira
O,Oisin
P,Parilda
Q,Quatril
R,Rajendra
S,Salep
T,Talo
U,Unanthee
V,Valle
W,Weslir
X,Xoana
Y,Yefar
Z,Zamran
A,Adar
B,Baradras
C,Calastian
D,Dahena
E,Efina
F,Falvel
G,Gallanti
H,Halburon
I,Iliphel
J,Jalar
K,Kalinda
L,Langarlia
M,Maiwen
N,Nalina
O,Ojiya
P,Parilius
Q,Qudra
R,Rajni
S,Salia
T,Taloa
U,Unavoa
V,Vallyn
W,Weslyn
X,Xogah
Y,Yefim
Z,Zanabeth
A,Adarok
B,Baragu
C,Calathangas
D,Daigoro
E,Efnisien
F,Famal
G,Gallegos
H,Haldameer
I,Iljura
J,Jalecia
K,Kalisteroi
L,Lanier
M,Makhtar
N,Nalo
O,Okemah
P,Parissa
Q,Qudsia
R,Rajula
S,Salik
T,Talonira
U,Undiok
V,Valmath
W,Wesnon
X,Xola
Y,Yelentos
Z,Zancan
A,Adath
B,Baram
C,Calathra
D,Dailan
E,Efyr
F,Famien
G,Gallyan
H,Halder
I,Illag
J,Jalek
K,Kallico
L,Lanipia
M,Makwinia
N,Nalri
O,Okolona
P,Parlamar
Q,Quebez
R,Rakario
S,Salinese
T,Talthea
U,Unella
V,Valmaxian
W,Wessex
X,Xolondra
Y,Yemishite
Z,Zancudo
A,Adbul
B,Baraskur
C,Calaudra
D,Daimos
E,Egalion
F,Famulus
G,Galoa
H,Haldis
I,Illemis
J,Jaleryn
K,Kallos
L,Lanivel
M,Malaergost
N,Nalvyna
O,Oku
P,Parlan
Q,Queda
R,Rakham
S,Salino
T,Taltra
U,Unelma
V,Valmay
W,Westan
X,Xondual
Y,Yenda
Z,Zandego
A,Addia
B,Barbiel
C,Calaurea
D,Dajauta
E,Egan
F,Fanaxan
G,Galogan
H,Halemont
I,Illian
J,Jalitana
K,Kalna
L,Lannilis
M,Malaga
N,Namarra
O,Olaana
P,Parnath
Q,Quelidia
R,Raknor
S,Salish
T,Talus
U,Ungris
V,Valmung
W,Westernesse
X,Xonira
Y,Yendari
Z,Zandir
A,Adelard
B,Barbul
C,Calbraith
D,Dakara
E,Egest
F,Fandrice
G,Galros
H,Haleth
I,Illykur
J,Jalpa
K,Kalnarima
L,Lannion
M,Malarak
N,Names
O,Olamun
P,Paros
Q,Quelnithna
R,Ralaal
S,Sallet
T,Talvelai
U,Ungulisar
V,Valnedra
W,Wethilion
X,Xornbane
Y,Yenli
Z,Zandra
A,Adelbern
B,Bardan
C,Calder
D,Dakena
E,Ehlissa
F,Fanette
G,Galstak
H,Halevi
I,Ilmari
J,Jalter
K,Kalouvos
L,Lannis
M,Malas
N,Namia
O,Olarcan
P,Parviz
Q,Quelurrion
R,Ralda
S,Sallos
T,Tamar
U,Unhath
V,Valora
W,Weydan
X,Xorosia
Y,Yervich
Z,Zandranto
A,Adelhart
B,Bardun
C,Caldo
D,Dakiema
E,Eidolon
F,Fanitra
G,Galstian
H,Halian
I,Ilmaro
J,Jalun
K,Kalumba
L,Lannorius
M,Malavarax
N,Namtar
O,Olarius
P,Parwen
Q,Quemma
R,Ralee
S,Salmissra
T,Tamaranth
U,Unnira
V,Valos
W,Wharifin
X,Xult
Y,Yesgard
Z,Zandris
A,Adeline
B,Bardwell
C,Caledus
D,Daksha
E,Einar
F,Fansalia
G,Galuk
H,Halig
I,Ilmeth
J,Jamala
K,Kalyana
L,Lanovick
M,Malbien
N,Nandana
O,Olbern
P,Parwen
Q,Quennell
R,Ralien
S,Salus
T,Tamen
U,Unuvia
V,Valsparn
W,Wharnal
X,Xuri
Y,Yeslick
Z,Zanela
A,Adeliza
B,Baredena
C,Calekoth
D,Dalabrac
E,Eirone
F,Fanshaw
G,Galva
H,Halima
I,Ilmonish
J,Jamaya
K,Kalzir
L,Lanta
M,Malchor
N,Nandel
O,Oldenburg
P,Pasiphae
Q,Querase
R,Ralmek
S,Saluster
T,Tamerlin
U,Uphrezza
V,Valtan
W,Whelm
X,Xyomara
Y,Yesmina
Z,Zanepar
A,Adelric
B,Barevont
C,Calence
D,Dalairis
E,Eiruvan
F,Fanya
G,Galvena
H,Halissta
I,Ilona
J,Jamila
K,Kalzuss
L,Lantana
M,Malchus
N,Nanelia
O,Oldoin
P,Pasithea
Q,Quetralia
R,Ralna
S,Samander
T,Tamesis
U,Uradriel
V,Valthrax
W,Whenery
X,Xyrel
Y,Yevari
Z,Zanillo
A,Adena
B,Baridrel
C,Calendor
D,Dalana
E,Eisenfeldt
F,Faradun
G,Galya
H,Hallam
I,Ilunda
J,Jamina
K,Kamaria
L,Lantash
M,Maldirk
N,Nanith
O,Oldra
P,Pasko
Q,Quetta
R,Raluca
S,Samara
T,Tamiel
U,Urai
V,Valton
W,Whipperdale
X,Xyvele
Y,Yevena
Z,Zanoska
A,Adhemar
B,Barin
C,Caleotte
D,Dalanis
E,Eizena
F,Faragoth
G,Gamaliel
H,Halldorr
I,Ilurende
J,Jamis
K,Kamay
L,Lanthorn
M,Maledictor
N,Nanne
O,Olenna
P,Pasqualina
Q,Quezza
R,Raluca
S,Samarinda
T,Tamiir
U,Uraloria
V,Valygar
W,Whistledowm
X,Xzabria
Y,Yevo
Z,Zantus
A,Adin
B,Barlithian
C,Calesius
D,Dalarag
E,Ejnar
F,Farano
G,Gamalon
H,Hallet
I,Iluska
J,Janaldren
K,Kameni
L,Laolis
M,Maleia
N,Nantar
O,Olerijan
P,Passant
Q,Quiana
R,Ralziman
S,Sambril
T,Tamika
U,Urathor
V,Vanada
W,Wicelind
X,Xzar
Y,Yilan
Z,Zaphresz
A,Adiran
B,Barlow
C,Calessio
D,Dalarie
E,Ekala
F,Faranos
G,Gamandril
H,Hallidite
I,Ilyssa
J,Janard
K,Kamesh
L,Larala
M,Malena
N,Nara
O,Olesya
P,Passolmo
Q,Quiat
R,Ramila
S,Samedan
T,Tamus
U,Urawen
V,Vanarro
W,Wicklow
Y,Yinxner
Z,Zara
A,Aditi
B,Barono
C,Caletor
D,Dalavai
E,Ekbir
F,Farazon
G,Gamar
H,Hallomen
I,Ilza
J,Jandar
K,Kamishala
L,Larelis
M,Malenti
N,Narana
O,Oleyn
P,Patana
Q,Quicel
R,Ramir
S,Samhuth
T,Tamzin
U,Urbeth
V,Vandala
W,Widfrond
Y,Yiram
Z,Zaranda
A,Adjantis
B,Barsena
C,Caliandros
D,Daleel
E,Ekkaia
F,Farbel
G,Gamia
H,Halloran
I,Imala
J,Janderys
K,Kanan
L,Lareth
M,Malergos
N,Narbon
O,Oliana
P,Pathania
Q,Quicinna
R,Ramius
S,Samira
T,Tanadar
U,Urethani
V,Vandlo
W,Wiggo
Y,Yishana
Z,Zarax
A,Adon
B,Barten
C,Caliastro
D,Dalend
E,Elaera
F,Fardis
G,Gamilus
H,Hallvor
I,Imare
J,Jandisten
K,Kandler
L,Larexis
M,Malgen
N,Narcis
O,Olica
P,Patrelia
Q,Quiff
R,Ramllyn
S,Sammoc
T,Tanar
U,Urga
V,Vanendo
W,Wiiri
Y,Yitek
Z,Zardon
A,Adora
B,Baruk
C,Califax
D,Dalene
E,Elaide
F,Farduk
G,Ganan
H,Halmir
I,Imas
J,Janeal
K,Kandrian
L,Larn
M,Malgreant
N,Nareen
O,Olin
P,Patrice
Q,Quillee
R,Ramnath
S,Samock
T,Tandon
U,Urgaan
V,Vangal
W,Wilcannia
Y,Yitti
Z,Zardra
A,Adrac
B,Barundar
C,Caligarde
D,Dalenna
E,Elana
F,Fargill
G,Gancentia
H,Halogil
I,Imayn
J,Janeva
K,Kanoi
L,Larogi
M,Malia
N,Naren
O,Olit
P,Patroclus
Q,Quiller
R,Ramoran
S,Samos
T,Tandram
U,Urgathoa
V,Vanik
W,Wileen
Y,Ykkandri
Z,Zared
A,Adramov
B,Barzula
C,Calin
D,Dalibor
E,Elandra
F,Fargoth
G,Ganderfal
H,Halonia
I,Imbolc
J,Jania
K,Kanok
L,Larraq
M,Malik
N,Narga
O,Oljatt
P,Paunoris
Q,Quindrick
R,Ramshon
S,Sampsa
T,Tane
U,Urhun
V,Vanir
W,Wilek
Y,Yllgaine
Z,Zargal
A,Adrestia
B,Bashal
C,Calinda
D,Dalicia
E,Elanee
F,Farhan
G,Gandolar
H,Halris
I,Imbros
J,Janick
K,Kanquan
L,Larsa
M,Malinaldra
N,Nari
O,Ollam
P,Pautho
Q,Quingia
R,Ramudoi
S,Samuquan
T,Tanglebrook
U,Urkadi
V,Vanne
W,Wilian
Y,Ylvera
Z,Zargos
A,Adrith
B,Basham
C,Calingnon
D,Dalimar
E,Elanett
F,Farhana
G,Gandosa
H,Halrond
I,Imia
J,Janiel
K,Kanya
L,Larushe
M,Malingo
N,Narile
O,Olliax
P,Pavana
Q,Quinnol
R,Rana
S,Samzinna
T,Taniguar
U,Urlik
V,Vantur
W,Wilimac
Y,Ynloeth
Z,Zaria
A,Adurant
B,Basilei
C,Calira
D,Dalinda
E,Elango
F,Fari
G,Ganece
H,Haltharad
I,Imladris
J,Jannali
K,Kanzaz
L,Lasala
M,Malith
N,Narim
O,Ollie
P,Pavla
Q,Quinqrost
R,Ranabel
S,Sanat
T,Tanil
U,Urlingwood
V,Vanya
W,Wilkino
Y,Yohadric
Z,Zarik
A,Aedon
B,Basona
C,Calisa
D,Dalis
E,Elangonel
F,Farica
G,Ganefo
H,Halueth
I,Immizel
J,Janos
K,Karafan
L,Lasha
M,Malkadres
N,Narishna
O,Ollin
P,Paynan
Q,Quinta
R,Ranaea
S,Sandalphon
T,Tanith
U,Urreth
V,Vaphoron
W,Willa
Y,Yojana
Z,Zarovun
A,Aedran
B,Basra
C,Calistria
D,Dalisa
E,Elara
F,Farid
G,Ganek
H,Haluk
I,Imoen
J,Janszoon
K,Karamvir
L,Lashela
M,Mallion
N,Narit
O,Ollusen
P,Pazia
Q,Quintus
R,Ranazar
S,Sandata
T,Tannemen
U,Urthad
V,Varci
W,Willandra
Y,Yokesh
Z,Zasheir
A,Aedwyn
B,Bassilus
C,Calitha
D,Daljeet
E,Elarenia
F,Farisa
G,Ganelle
H,Halvena
I,Imourad
J,Jantavia
K,Karathis
L,Lasko
M,Malloi
N,Narlen
O,Oloizia
P,Pazit
Q,Quiona
R,Randerford
S,Sandirathue
T,Tanner
U,Urthan
V,Varen
W,Willona
Y,Yonago
Z,Zauvirr
A,Aegean
B,Batreans
C,Callianassa
D,Daljinder
E,Elasha
F,Farnak
G,Ganelon
H,Halvord
I,Imrabeth
J,Janthra
K,Karbos
L,Lasla
M,Malnangar
N,Narma
O,Olostin
P,Pazruk
Q,Quirante
R,Randhir
S,Sandor
T,Tannesen
U,Urthrax
V,Varick
W,Wilmarth
Y,Yonaz
Z,Zava
A,Aegir
B,Bawdewyn
C,Calliel
D,Dallen
E,Elaxar
F,Farokh
G,Gannia
H,Hamatiel
I,Imraloen
J,Jantosa
K,Karel
L,Lasselia
M,Malneus
N,Narradel
O,Olphaunt
P,Pedeoras
Q,Quiroz
R,Randil
S,Sandrine
T,Tano
U,Urulan
V,Varik
W,Wilnor
Y,Yoncalla
Z,Zavalla
A,Aegon
B,Baxor
C,Callistus
D,Dalma
E,Elayen
F,Farraglen
G,Ganniele
H,Hamidreza
I,Imran
J,Jantzen
K,Karesh
L,Lassour
M,Malophoros
N,Narrandera
O,Oltin
P,Pelcian
Q,Quiselyn
R,Ranec
S,Sandrue
T,Tanra
U,Urunthil
V,Varisia
W,Wilona
Y,Yorala
Z,Zavor
A,Aelthas
B,Bayless
C,Callor
D,Dalmacio
E,Elazar
F,Farrand
G,Gannon
H,Hammerstone
I,Imrathan
J,Janvel
K,Karet
L,Laswell
M,Malouma
N,Narses
O,Olukon
P,Pelena
Q,Quisia
R,Ranike
S,Sanesha
T,Tansaburon
U,Urvi
V,Varlae
W,Wiltrice
Y,Yorgos
Z,Zaxim
A,Aelus
B,Bazullarith
C,Calse
D,Dalomo
E,Elbereth
F,Farrelyn
G,Gara
H,Hamoch
I,Imrian
J,Janwin
K,Kargat
L,Latha
M,Malric
N,Narsil
O,Olvan
P,Pelencia
Q,Quiwan
R,Ranis
S,Sanidine
T,Tansand
U,Urzo
V,Varlo
W,Wilund
Y,Yormwell
Z,Zazshan
A,Aembra
B,Beazor
C,Caltha
D,Dalon
E,Eldafire
F,Farshad
G,Garafena
H,Hamonah
I,Imruele
J,Janza
K,Karglain
L,Lathintel
M,Malthrox
N,Narvin
O,Olvori
P,Peleus
Q,Qunix
R,Ranjaka
S,Sanir
T,Tanselle
U,Usati
V,Varra
W,Winesa
Y,Yornar
Z,Zebavra
A,Aengrilor
B,Beckry
C,Calton
D,Dalren
E,Eldamar
F,Farzeen
G,Garami
H,Hanari
I,Imrunath
J,Jaolyn
K,Karis
L,Latonesh
M,Malto
N,Narya
O,Olwyn
P,Peliad
Q,Qunli
R,Ranknid
S,Sanjana
T,Tanthea
U,Ushula
V,Varrakus
W,Winola
Y,Yoshara
Z,Zebul
A,Aengus
B,Bedaidus
C,Calum
D,Dalshorn
E,Eldana
F,Faston
G,Garan
H,Hanburi
I,Imvanie
J,Japhet
K,Kariya
L,Latran
M,Malus
N,Naryn
O,Olwyn
P,Peliance
Q,Quorash
R,Ranosa
S,Sanos
T,Tanzirk
U,Usiisha
V,Varuna
W,Wirddan
Y,Yosiro
Z,Zebulon
A,Aerad
B,Bedal
C,Calurin
D,Dalsor
E,Eldath
F,Fathusa
G,Garaner
H,Hania
I,Imythedralen
J,Jaraznan
K,Karkus
L,Laudine
M,Malva
N,Nashala
O,Olya
P,Peliel
Q,Quryn
R,Rao
S,Sanossen
T,Tapheon
U,Uskura
V,Varundil
W,Wirena
Y,Yosvani
Z,Zedri
A,Aerandir
B,Bedarra
C,Calut
D,Dalston
E,Elden
F,Faulkas
G,Garano
H,Haniel
I,Inalee
J,Jardena
K,Karlene
L,Laueeda
M,Malveret
N,Nashira
O,Olynthos
P,Pelinshae
Q,Qusagna
R,Rarik
S,Sansen
T,Tappho
U,Utaro
V,Varus
W,Wisla
Y,Yovela
Z,Zefwyn
A,Aerell
B,Bedelda
C,Calvara
D,Daltan
E,Eldoard
F,Faun
G,Garcelle
H,Haniya
I,Inassco
J,Jarek
K,Karlirah
L,Laufey
M,Malygris
N,Nasis
O,Olys
P,Pell
Q,Qutab
R,Rasha
S,Santosh
T,Taradale
U,Uther
V,Varyon
W,Wismey
Y,Yrian
Z,Zeherah
A,Aergase
B,Bedlym
C,Calvert
D,Dalton
E,Eldonor
F,Faunce
G,Gardar
H,Hannalore
I,Inaya
J,Jarek
K,Karmandon
L,Laurelin
M,Mamutoi
N,Naspis
O,Olyvar
P,Pellana
Q,Quyen
R,Rashaam
S,Sanziana
T,Taragarth
U,Uthmang
V,Vashaak
W,Wispar
Y,Yriden
Z,Zel'va
A,Aerlson
B,Bedwyck
C,Calwyn
D,Dalva
E,Eldora
F,Favian
G,Gareles
H,Hannele
I,Indanath
J,Jargon
K,Karmuk
L,Lauzoril
M,Manaigh
N,Nasya
O,Oma
P,Pellanistra
Q,Qwaila
R,Rashedralle
S,Sarad
T,Taran
U,Uthran
V,Vashay
W,Witan
Y,Yrkoon
Z,Zelaya
A,Aerne
B,Bedwyr
C,Calydon
D,Dalvin
E,Eldoth
F,Favian
G,Garian
H,Hanner
I,Indilbar
J,Jariel
K,Karnitha
L,Lavado
M,Manakel
N,Natania
O,Omalen
P,Pellene
Q,Qyaria
R,Rashess
S,Sarelle
T,Tarathi
U,Uthros
V,Vashti
W,Wizzo
Y,Ysfalla
Z,Zeldara
A,Aeron
B,Begris
C,Calyr
D,Dalya
E,Eldred
F,Favio
G,Garick
H,Hanodel
I,Indira
J,Jarin
K,Karse
L,Lavarender
M,Manalena
N,Nathaira
O,Omareth
P,Pelles
Q,Qyburn
R,Rasiem
S,Sareloth
T,Tarca
U,Uttara
V,Vasilek
W,Wogell
Y,Ysgrave
Z,Zeldon
A,Aery
B,Begwynath
C,Camael
D,Dalymar
E,Eldrionna
F,Faxon
G,Garides
H,Hanrik
I,Indolf
J,Jaristan
K,Karth
L,Lavaryta
M,Manarr
N,Nathalos
O,Omarni
P,Pellia
R,Rasirus
S,Sarenrae
T,Tardisite
U,Uvayn
V,Vasir
W,Wolgast
Y,Yshene
Z,Zelfina
A,Aesir
B,Behjat
C,Camara
D,Dalyn
E,Elenda
F,Fayas
G,Garinda
H,Hansmer
I,Indre
J,Jarlath
K,Kartuhm
L,Lavinia
M,Mandisa
N,Nathie
O,Omavol
P,Pellinore
R,Raskin
S,Sarevok
T,Tardold
U,Uvelas
V,Vathek
W,Wolsey
Y,Ysona
Z,Zelgana
A,Aethelmure
B,Beirgis
C,Camden
D,Damali
E,Elentari
F,Fayina
G,Garion
H,Hanzelka
I,Indrele
J,Jarniman
K,Kasbeel
L,Laxdal
M,Mandon
N,Nathka
O,Ombert
P,Pellozel
R,Raslam
S,Sargasso
T,Tareau
U,Uxwy
V,Vattana
W,Worch
Y,Yssarion
Z,Zelimir
A,Aethen
B,Beiris
C,Caminda
D,Damara
E,Elenya
F,Fayralen
G,Garisa
H,Hara
I,Indrenna
J,Jarolim
K,Kaseir
L,Layla
M,Mandorallen
N,Nathlum
O,Ombrecht
P,Peloplan
R,Rasmus
S,Sargne
T,Tareen
U,Uzair
V,Vaughak
W,Woulstina
Y,Ystan
Z,Zelsea
A,Aether
B,Beketa
C,Camlo
D,Damashar
E,Elerald
F,Fazal
G,Garius
H,Haraduk
I,Induna
J,Jaromir
K,Kasha
L,Layne
M,Manduria
N,Nathode
O,Omeca
P,Peltak
R,Rasmussen
S,Sarhedra
T,Targash
U,Uzamaer
V,Vaulkra
W,Wrettleneck
Y,Ythrial
Z,Zelus
A,Aethicus
B,Belanie
C,Camulus
D,Damecos
E,Eleran
F,Fazeel
G,Garlon
H,Harath
I,Ineko
J,Jaroslav
K,Kashundra
L,Lazaemon
M,Maneira
N,Nathos
O,Omel
P,Penartha
R,Rasour
S,Sariah
T,Tari
U,Uzan
V,Vauner
W,Wronsa
Y,Yubo
Z,Zembrata
A,Aethrys
B,Belaquo
C,Cana
D,Damek
E,Elesea
F,Fazilsha
G,Garothrion
H,Hardingdale
I,Inessa
J,Jarren
K,Kasiya
L,Lazett
M,Manetho
N,Nathyn
O,Omiya
P,Pendron
R,Rasp
S,Sariandi
T,Tariana
U,Uzaras
V,Vaurgal
W,Wulflac
Y,Yuelan
Z,Zemio
A,Aethylla
B,Belarian
C,Candra
D,Damesca
E,Elexa
F,Fazlur
G,Garrick
H,Hardrada
I,Inga
J,Jarthon
K,Kasma
L,Lazok
M,Mangar
N,Nauch
O,Omkar
P,Penela
R,Raspu
S,Sariolen
T,Tariel
U,Uzoka
V,Vechor
W,Wulfstan
Y,Yufel
Z,Zemira
A,Agan
B,Beld
C,Candremi
D,Damia
E,Elgar
F,Feargus
G,Garrick
H,Hardwicke
I,Inglix
J,Jarvis
K,Kasporio
L,Le'for
M,Manida
N,Nauer
O,Ommer
P,Penella
R,Rassamm
S,Sarisa
T,Tarion
U,Uzorga
V,Vedavathi
W,Wulgreth
Y,Yukita
Z,Zemloth
A,Agaros
B,Beldon
C,Candrian
D,Damille
E,Elgroth
F,Feben
G,Garridan
H,Hareth
I,Inix
J,Jashem
K,Kassius
L,Leaina
M,Manil
N,Naulagak
O,Omnesta
P,Pengalen
R,Rast
S,Sarkai
T,Tarita
U,Uzrivoy
V,Vedrana
W,Wuvok
Y,Yulash
Z,Zemser
A,Agarth
B,Beledia
C,Canegoth
D,Damita
E,Elholyn
F,Feblone
G,Garron
H,Harghaz
I,Inok
J,Jasiri
K,Kastek
L,Leal
M,Manira
N,Nauthira
O,Omoc
P,Peniel
R,Rastinon
S,Saroosh
T,Tarithi
U,Uzton
V,Veeranna
W,Wybrand
Y,Yuldarra
Z,Zenaida
A,Agavni
B,Beledra
C,Cangana
D,Damodar
E,Eliam
F,Fedelia
G,Garvidala
H,Haringad
I,Inthaels
J,Jasmal
K,Kasuf
L,Leandra
M,Manjunath
N,Navassa
O,Omparkash
P,Pennian
R,Ratana
S,Sarothi
T,Tark
U,Uzuma
V,Veeresh
W,Wyle
Y,Yuldra
Z,Zenovia
A,Agdan
B,Belen
C,Cannaur
D,Danae
E,Eliana
F,Fega
G,Garwood
H,Harion
I,Inthia
J,Jasmere
K,Kataea
L,Lebarisini
M,Manodra
N,Naxos
O,Omraj
P,Penthea
R,Rath
S,Sarpedon
T,Tarkus
U,Uzziel
V,Vegolerrus
W,Wylene
Y,Yunta
Z,Zentris
A,Agentes
B,Beleriand
C,Canos
D,Danaka
E,Eligos
F,Feilin
G,Gauderis
H,Haristikyl
I,Intier
J,Jasper
K,Kataka
L,Lebrac
M,Mantari
N,Nayalita
O,Onalee
P,Pentheus
R,Rathdaen
S,Sarshim
T,Tarlin
V,Veinrich
W,Wyliath
Y,Yursil
Z,Zentul
A,Aghairon
B,Beless
C,Cantaki
D,Danalakshmi
E,Elikana
F,Felegis
G,Gaukan
H,Harith
I,Intira
J,Jastra
K,Katania
L,Lectos
M,Mantaz
N,Naytha
O,Onali
P,Pentosha
R,Rathena
S,Sartan
T,Tarmas
V,Vejendra
W,Wyllan
Y,Yusbeg
Z,Zepheria
A,Agika
B,Beleth
C,Cantoria
D,Danasha
E,Eliodoro
F,Felenas
G,Gaussra
H,Harkins
I,Invarri
J,Javan
K,Kathala
L,Leda
M,Manteceros
N,Nazara
O,Onalidan
P,Peragon
R,Rathyron
S,Saryn
T,Tarn
V,Vekdan
W,Wymez
Y,Yuvra
Z,Zephon
A,Agios
B,Belfarg
C,Canzon
D,Danaus
E,Elioena
F,Felgie
G,Gaut
H,Harkspell
I,Inzuri
J,Jave
K,Katya
L,Leegora
M,Mantella
N,Nazeen
O,Onamia
P,Perdekop
R,Ratis
S,Sashenka
T,Tarnesh
V,Velamo
W,Wyndael
Y,Yuzo
Z,Zephyrus
A,Agladan
B,Belgard
C,Capellanus
D,Danax
E,Eliomar
F,Felina
G,Gavaniel
H,Harlise
I,Ioakim
J,Javers
K,Kaupaer
L,Leena
M,Mantinea
N,Nazir
O,Onan
P,Perdix
R,Ratofer
S,Saslith
T,Tarrick
V,Velas
W,Wyndell
Y,Yvain
Z,Zerdali
A,Aglarel
B,Belgos
C,Caperetto
D,Dancan
E,Eliora
F,Felizardo
G,Gavestia
H,Harmen
I,Ioelera
J,Javitz
K,Kaushal
L,Leetah
M,Manton
N,Nazralte
O,Onaris
P,Peregrine
R,Rauchard
S,Sassandra
T,Tarshish
V,Velasta
W,Wyndemere
Y,Yyn
Z,Zerielle
A,Agneh
B,Belia
C,Caradas
D,Dancarlo
E,Elisi
F,Felmar
G,Gavina
H,Harnath
I,Iolana
J,Jaweau
K,Kauth
L,Leevoth
M,Manzoor
N,Nchaser
O,Onata
P,Perelandra
R,Raum
S,Satada
T,Tarsoth
V,Velbenda
W,Wynema
Z,Zeris
A,Agraivin
B,Belice
C,Carados
D,Dancil
E,Elismir
F,Felnette
G,Gavra
H,Haroistem
I,Iolkos
J,Jayani
K,Kauvra
L,Legnar
M,Mara
N,Ndura
O,Ondath
P,Perestan
R,Raumathar
S,Sathas
T,Tarthus
V,Veleth
W,Wynton
Z,Zernez
A,Agrivane
B,Belierin
C,Carasta
D,Dandera
E,Elissa
F,Felosia
G,Gavriel
H,Harrelin
I,Iomedae
J,Jayine
K,Kavala
L,Legodia
M,Maralah
N,Neaera
O,Ondi
P,Pergamino
R,Raurgoch
S,Sathryon
T,Tarver
V,Velgess
W,Wyshell
Z,Zerqan
A,Ahazu
B,Belim
C,Carbos
D,Daneco
E,Elix
F,Felrose
G,Gavril
H,Harriset
I,Ionian
J,Jazael
K,Kavalech
L,Legyrd
M,Marallina
N,Neaira
O,Ondres
P,Periana
R,Rauscher
S,Satinka
T,Tarvin
V,Velia
W,Wystran
Z,Zeulenroda
A,Ahora
B,Belina
C,Cardell
D,Danel
E,Elizain
F,Felssie
G,Gavroche
H,Harron
I,Ioniva
J,Jazene
K,Kavaris
L,Leinad
M,Marasa
N,Nealon
O,Ondro
P,Perigum
R,Rauthgog
S,Sativola
T,Tasakos
V,Veliira
W,Wyvernbane
Z,Zevenaar
A,Ahrahl
B,Belionora
C,Cardolan
D,Danelek
E,Elizama
F,Felsur
G,Gaxx
H,Harrowdale
I,Iormas
J,Jazmyndeera
K,Kaveri
L,Leir
M,Marayn
N,Nebezial
O,Onesimos
P,Perimele
R,Rauvin
S,Satna
T,Tasenka
V,Velina
Z,Zevilda
A,Ahtye
B,Beliria
C,Cardosh
D,Danesh
E,Elizur
F,Felten
G,Gayathri
H,Harrower
I,Ipsissimo
J,Jedda
K,Kavi
L,Leldon
M,Marbas
N,Nebulon
O,Onesta
P,Periopis
R,Rauwen
S,Saugli
T,Tashalar
V,Vellamo
Z,Zevis
A,Ahziree
B,Belirias
C,Cargwig
D,Danford
E,Ellador
F,Femi
G,Gayatri
H,Harsk
I,Iraida
J,Jedrek
K,Kavindra
L,Leldon
M,Marcon
N,Neconda
O,Oneth
P,Perrin
R,Ravana
S,Savagius
T,Tashluta
V,Velmona
Z,Zezen
A,Aiba
B,Belisarius
C,Cariendar
D,Dania
E,Ellama
F,Fenan
G,Gayomar
H,Harsla
I,Iraldur
J,Jeffkin
K,Kaxazas
L,Lelex
M,Mardakine
N,Necrom
O,Onfei
P,Perrine
R,Ravenar
S,Savak
T,Tasien
V,Velodia
Z,Zhalimar
A,Aideh
B,Belisma
C,Carilla
D,Danifae
E,Ellard
F,Fendar
G,Gazra
H,Harthoan
I,Irashalee
J,Jefotta
K,Kaya
L,Lembree
M,Marden
N,Needra
O,Onnwal
P,Persimius
R,Ravenna
S,Saveta
T,Tasina
V,Velonar
Z,Zharbroah
A,Aidhrinn
B,Belita
C,Carnelian
D,Danira
E,Ellesmere
F,Fenella
G,Gedlee
H,Harton
I,Ireana
J,Jeggred
K,Kayann
L,Lemminkaen
M,Mardocles
N,Neelah
O,Onolath
P,Pervez
R,Ravenswood
S,Savila
T,Tasmia
V,Velorian
Z,Zharena
A,Ailsa
B,Beljura
C,Carniel
D,Dannodel
E,Elliriel
F,Fennicia
G,Gefroy
H,Hartwen
I,Ired
J,Jehoel
K,Kaydar
L,Lemnos
M,Mardon
N,Neelu
O,Ontas
P,Perzo
R,Ravi
S,Savrian
T,Tasos
V,Veltria
Z,Zhelluk
A,Aine
B,Beljuril
C,Carolio
D,Danomar
E,Ellister
F,Fennon
G,Gelaine
H,Harumaph
I,Irena
J,Jeibir
K,Kaylan
L,Lemuela
M,Marek
N,Neenal
O,Ontonkolos
P,Pesilda
R,Ravienne
S,Savuri
T,Taston
V,Velu
Z,Zheng
A,Ainmhi
B,Bellario
C,Carono
D,Danorah
E,Ellomar
F,Fensalir
G,Gelasia
H,Harwa
I,Irenicus
J,Jeirick
K,Kaylina
L,Lenaia
M,Marelda
N,Neeshka
O,Onudith
P,Peta
R,Ravindra
S,Savvis
T,Tasya
V,Veluna
Z,Zheol
A,Ainsley
B,Bellinus
C,Carrague
D,Danrick
E,Ellova
F,Fenuku
G,Gelebras
H,Harwin
I,Ireti
J,Jejoran
K,Kaylon
L,Lency
M,Marelle
N,Nefaratus
O,Onwig
P,Petra
R,RaVirr
S,Sayarath
T,Tathrena
V,Venable
Z,Zhevitoli
A,Ainsworth
B,Belmaid
C,Carrandra
D,Danton
E,Ellund
F,Fenwick
G,Gelion
H,Harzel
I,Iriaebor
J,Jelaba
K,Kazgaroth
L,Lendecia
M,Marga
N,Nefzen
O,Opacalia
P,Petridalla
R,Rawlinswood
S,Sazaur
T,Tatyl
V,Vence
Z,Zhukar
A,Airancourt
B,Belmara
C,Carshena
D,Danuvian
E,Elmara
F,Fenyra
G,Gellana
H,Hasana
I,Iridna
J,Jelena
K,Kazoan
L,Lenka
M,Margalo
N,Nehele
O,Ophala
P,Petrila
R,Rawn
S,Sazevich
T,Tauni
V,Vendella
Z,Zhumadian
A,Airlia
B,Belmina
C,Carston
D,Danvia
E,Elmarin
F,Feorus
G,Gelmir
H,Hashtur
I,Irion
J,Jelita
K,Kedrick
L,Lenodus
M,Marghaz
N,Neighton
O,Ophira
P,Petrine
R,Rayada
S,Sazo
T,Tauren
V,Vendrona
Z,Ziandela
A,Aisha
B,Belne
C,Cartavius
D,Danya
E,Elmorn
F,Feramuz
G,Gelphyne
H,Hasina
I,Irlinda
J,Jelline
K,Kedron
L,Lenser
M,Mariel
N,Neimic
O,Oplos
P,Petrus
R,Rayek
S,Sazraen
T,Tauryon
V,Venetia
Z,Ziddant
A,Aitana
B,Belonarra
C,Cartery
D,Daoine
E,Elna
F,Ferenzi
G,Gelsey
H,Hask
I,Irlos
J,Jelmira
K,Keelia
L,Lentac
M,Marikith
N,Neira
O,Oracena
P,Pevensey
R,Rayma
S,Scadra
T,Tauz
V,Venextos
Z,Ziddim
A,Ajira
B,Belor
C,Carteya
D,Dar'Tan
E,Elnam
F,Feride
G,Gelsomina
H,Haslima
I,Irmar
J,Jelondel
K,Keeomi
L,Lentheus
M,Marilis
N,Nekhera
O,Oralee
P,Phaedra
R,Razak
S,Scaith
T,Taver
V,Vengeancehammer
Z,Zielona
A,Akallabeth
B,Belphejur
C,Carth
D,Darad
E,Elnora
F,Ferik
G,Gelt
H,Hassia
I,Irolo
J,Jelthisis
K,Keerthana
L,Lenusya
M,Marinell
N,Nekode
O,Oralia
P,Phaelsil
R,Raziel
S,Scathach
T,Tavia
V,Vennt
Z,Zifta
A,Akedine
B,Belphessa
C,Carus
D,Darakan
E,Eloann
F,Ferinel
G,Gelya
H,Hastaria
I,Ironbeard
J,Jelvard
K,Keerthi
L,Leoben
M,Marisal
N,Neladia
O,Orana
P,Phaenna
R,Recaldo
S,Sceona
T,Tavihr
V,Ventimiglia
Z,Zilennora
A,Akela
B,Belpren
C,Carvel
D,Daramos
E,Elodan
F,Ferley
G,Gemel
H,Hastien
I,Ironguts
J,Jemin
K,Keeshala
L,Leodis
M,Mariska
N,Neligan
O,Orance
P,Phaere
R,Redaamor
S,Schezalle
T,Tavira
V,Ventinari
Z,Zilka
A,Akhir
B,Belsameth
C,Caryn
D,Daramulum
E,Elomar
F,Fernadel
G,Gemmala
H,Hatcher
I,Ironhand
J,Jemshev
K,Keeta
L,Leodres
M,Marissa
N,Nelin
O,Oranos
P,Phaerelastra
R,Reddle
S,Schimia
T,Tavish
V,Venya
Z,Zimbelman
A,Akienta
B,Belvani
C,Cashgaraal
D,Dardragon
E,Elondrus
F,Fernell
G,Gemshev
H,Hathrell
I,Irori
J,Jemson
K,Keethan
L,Leona
M,Mariun
N,Nelinderra
O,Orazond
P,Phaeress
R,Redgleam
S,Schnai
T,Tavok
V,Veovis
Z,Zimdilina
A,Akilah
B,Belvia
C,Cassella
D,Dareios
E,Elone
F,Ferol
G,Gendas
H,Hathyr
I,Irulana
J,Jemuel
K,Keffiya
L,Leops
M,Mariva
N,Nelithia
O,Orbakh
P,Phalaena
R,Redoff
S,Schonnica
T,Tawana
V,Vephar
Z,Zimiar
A,Akkabar
B,Belzken
C,Castalia
D,Dareza
E,Elora
F,Ferolino
G,Gennus
H,Hatiphas
I,Iruna
J,Jemus
K,Keflin
L,Leovel
M,Marjora
N,Nelmyne
O,Orban
P,Phalon
R,Redothril
S,Schurron
T,Tayan
V,Veran
Z,Zimnicea
A,Akkadian
B,Benante
C,Castellan
D,Dargent
E,Eloren
F,Feronia
G,Genora
H,Havea
I,Isalis
J,Jemyr
K,Kehl
L,Lerkara
M,Markala
N,Nelos
O,Orbert
P,Phamea
R,Redwick
S,Sconn
T,Tayside
V,Verbek
Z,Zinara
A,Akmir
B,Benedetto
C,Castianira
D,Darghin
E,Eloysia
F,Ferosario
G,Genos
H,Havelock
I,Isambard
J,Jenara
K,Kehria
L,Lerostav
M,Markeno
N,Nelrora
O,Orbi
P,Phana
R,Reen
S,Scurlena
T,Tazadarus
V,Verchema
Z,Zindelo
A,Akordia
B,Benelius
C,Castos
D,Dariane
E,Elpis
F,Feroz
G,Genotte
H,Hayaera
I,Isania
J,Jency
K,Kehur
L,Lesdin
M,Markley
N,Nelur
O,Orbus
P,Phanazir
R,Reglar
S,Scyld
T,Tazian
V,Verdant
Z,Zinder
A,Al-Asfan
B,Benelor
C,Cataria
D,Darice
E,Elqillar
F,Ferozali
G,Gent
H,Hayslip
I,Iseta
J,Jendrellian
K,Keiana
L,Leshem
M,Markos
N,Nelushia
O,Orcha
P,Phandal
R,Regnalias
S,Scythia
T,Tchernavia
V,Verdier
Z,Zinnik
A,Al-Asraad
B,Benesek
C,Catessa
D,Darielle
E,Elrana
F,Ferran
G,Genthore
H,Haythien
I,Isfrael
J,Jendrix
K,Kelandra
L,Lesot
M,Marl
N,Nelvine
O,Orcslayer
P,Phandalyn
R,Rehman
S,Sczarni
T,Tebryn
V,Vere
Z,Zinzerena
A,Al'lyrr
B,Bennon
C,Cathal
D,Darien
E,Elravien
F,Ferrandon
G,Genubath
H,Hazlan
I,Ishala
J,Jendy
K,Kelby
L,Lestus
M,Marley
N,Nelwen
O,Ordaz
P,Phandir
R,Reia
S,Sealmyd
T,Tedithrulia
V,Veremund
Z,Ziolen
A,Alabon
B,Bentan
C,Catharadomus
D,Darif
E,Elrod
F,Ferretti
G,Genvissa
H,Hazlik
I,Ishaporath
J,Jenea
K,Kelcey
L,Lesya
M,Marlona
N,Nemetsk
O,Orduna
P,Phandorl
R,Rein
S,Seawine
T,Tefroy
V,Veresa
Z,Zipacna
A,Alaghus
B,Benthen
C,Cather
D,Darkith
E,Elsara
F,Ferria
G,Georick
H,Hazzea
I,Ishkur
J,Jenessa
K,Kelda
L,Leszek
M,Marn
N,Neminda
O,Orelia
P,Phandrel
R,Reipoc
S,Sebesken
T,Tegles
V,Vergis
Z,Zipaquira
A,Alaine
B,Benuria
C,Cathera
D,Darkon
E,Eltherion
F,Fersaith
G,Geranco
H,Heavenstorm
I,Iskruel
J,Jenleigh
K,Keldorn
L,Lethene
M,Maros
N,Nemonanta
O,Orellana
P,Phane
R,Reis
S,Sebrilas
T,Tegvan
V,Vergos
Z,Ziradus
A,Alaka
B,Benwick
C,Cathria
D,Darless
E,Eltoora
F,Ferson
G,Gerberga
H,Hecceri
I,Ismenia
J,Jennery
K,Keldric
L,Letia
M,Marosanna
N,Nemoraga
O,Oren
P,Phanna
R,Reissa
S,Secandra
T,Teiner
V,Vernell
Z,Zita
A,Alakabon
B,Beorn
C,Caton
D,Darlessa
E,Elturel
F,Ferund
G,Geren
H,Hecella
I,Isoke
J,Jensin
K,Kelecia
L,Leticia
M,Marozia
N,Nemphre
O,Orenda
P,Phanokratos
R,Reitan
S,Secarr
T,Tekar
V,Vernt
Z,Ziv
A,Alamanther
B,Beornegar
C,Catraso
D,Darlithia
E,Elund
F,Fervira
G,Gerick
H,Hedef
I,Ispa
J,Jephson
K,Kelgore
L,Leuko
M,Marphisa
N,Nemuel
O,Orene
P,Phaon
R,Rejath
S,Secca
T,Tekawai
V,Veroc
Z,Zivaden
A,Alanar
B,Beornhelm
C,Catreus
D,Darmendra
E,Elwa
F,Feryn
G,Gerico
H,Hedin
I,Ispah
J,Jerak
K,Kells
L,Levana
M,Marrad
N,Nemuta
O,Orenzal
P,Pharasma
R,Rekart
S,Secunda
T,Tekir
V,Veronis
Z,Ziven
A,Alandaros
B,Bera
C,Catterick
D,Darnack
E,Elwynd
F,Ferzandra
G,Gerita
H,Hedrada
I,Ispam
J,Jerana
K,Kelma
L,Levant
M,Marreno
N,Neniele
O,Oresme
P,Pharaun
R,Reldothor
S,Secus
T,Tekla
V,Verovan
Z,Ziyad
A,Alandri
B,Berach
C,Catyr
D,Darota
E,Elyas
F,Festillard
G,Gernise
H,Hefiz
I,Ispasia
J,Jerandra
K,Kelmaran
L,Levas
M,Marstan
N,Nenjassik
O,Orestes
P,Pharaxes
R,Reldresal
S,Sedalia
T,Teldeska
V,Versher
Z,Zizi
A,Alanthos
B,Beramedes
C,Caughell
D,Darpan
E,Elzenia
F,Festo
G,Gero
H,Hegane
I,Isphet
J,Jeremos
K,Kelrath
L,Lharys
M,Martek
N,Nennius
O,Orethi
P,Pharazia
R,Releth
S,Sedas
T,Telemachus
V,Verthandi
Z,Zlatar
A,Alaoui
B,Beramos
C,Caulder
D,Darrana
E,Emathia
F,Fetizza
G,Gerona
H,Hegira
I,Israkahn
J,Jerene
K,Kelric
L,Lhorsteer
M,Marten
N,Nenya
O,Oreyn
P,Pharcellus
R,Relio
S,Sedlirr
T,Telenna
V,Vertros
Z,Zoblink
A,Alardine
B,Beran
C,Cavor
D,Darrett
E,Emberstoker
F,Fetrell
G,Gerrad
H,Heki
I,Issho
J,Jerenesa
K,Kelton
L,Lhurdas
M,Maruk
N,Neophytos
O,Orgnir
P,Phasmer
R,Rella
S,Sedna
T,Telephus
V,Verulia
Z,Zofia
A,Alarice
B,Beremere
C,Cazna
D,Darrow
E,Embian
F,Fetton
G,Gerrimar
H,Helande
I,Issini
J,Jereni
K,Kelzeck
L,Lhyl
M,Marune
N,Nepthas
O,Orgoth
P,Phedella
R,Relonda
S,Sedris
T,Teleri
V,Veshengo
Z,Zogno
A,Alarik
B,Berenike
C,Cean
D,Darsidian
E,Emeldir
F,Fexiana
G,Gerrit
H,Helbrea
I,Istelyn
J,Jeresian
K,Kemal
L,Lial
M,Marvos
N,Nerad
O,Orgouian
P,Phell
R,Reluhartis
S,Seevis
T,Telette
V,Veskalen
Z,Zohreh
A,Alasquae
B,Bergaine
C,Cebus
D,Darsis
E,Emera
F,Fharl
G,Gertern
H,Heldath
I,Istendrynn
J,Jeriah
K,Kembley
L,Liam
M,Marwyn
N,Nerence
O,Orhelm
P,Phena
R,Relyn
S,Segai
T,Telkoun
V,Vesryn
Z,Zola
A,Alasta
B,Bergelas
C,Cedalion
D,Darsson
E,Emiko
F,Fhely
G,Gervacio
H,Helebros
I,Istocios
J,Jeriele
K,Kemena
L,Liana
M,Maryla
N,Nerenne
O,Oriana
P,Phenalyn
R,Remes
S,Segnan
T,Tellan
V,Vessa
Z,Zolena
A,Alathar
B,Bergwulf
C,Ceese
D,Darsver
E,Emishar
F,Fhydris
G,Gervino
H,Helem
I,Istorenil
J,Jerika
K,Kemer
L,Liandra
M,Marzenia
N,Nereyda
O,Orianos
P,Phenica
R,Remiel
S,Segori
T,Telnar
V,Vestele
Z,Zolline
A,Alatos
B,Berin
C,Cegilune
D,Dartangana
E,Emlyn
F,Fiammetta
G,Gervorio
H,Helenor
I,Isvela
J,Jermax
K,Kemia
L,Liannet
M,Marzikoth
N,Nerissan
O,Oriantha
P,Phentrus
R,Remmard
S,Segwardes
T,Telthi
V,Veth
Z,Zollo
A,Alaunt
B,Berinna
C,Celad
D,Daruma
E,Emmech
F,Fideles
G,Gerwyn
H,Helera
I,Isztea
J,Jeroen
K,Kemis
L,Liefand
M,Masalinie
N,Nerith
O,Orice
P,Pherusa
R,Remnil
S,Sehal
T,Telthona
V,Vethis
Z,Zolphas
A,Alayne
B,Berronar
C,Celaeno
D,Darval
E,Emmott
F,Fidencio
G,Geryon
H,Helevorn
I,Ithan
J,Jerol
K,Kenah
L,Liemuai
M,Masheth
N,Nerliza
O,Oriel
P,Phigalia
R,Remus
S,Seija
T,Temarkhos
V,Vetra
Z,Zoltan
A,Alba
B,Berrun
C,Celcalab
D,Darvam
E,Emra
F,Fiera
G,Gesen
H,Heliodorus
I,Ithos
J,Jerrin
K,Kendrick
L,Liette
M,Maslow
N,Neron
O,Oriendram
P,Philana
R,Remya
S,Seila
T,Temphyr
V,Vetralia
Z,Zophas
A,Albion
B,Bersk
C,Celendra
D,Darvame
E,Emrick
F,Fildaris
G,Geshardi
H,Helira
I,Ithrylda
J,Jervois
K,Kene
L,Lilaea
M,Masocorro
N,Nerozel
O,Orifiel
P,Philetus
R,Rena
S,Seipora
T,Tenali
V,Vetrino
Z,Zoraida
A,Albraech
B,Bertrand
C,Celia
D,Darvel
E,Emundas
F,Filonia
G,Geshmark
H,Helkath
I,Ithuriel
J,Jesanta
K,Kenerald
L,Lilja
M,Masrin
N,Nerthus
O,Orishal
P,Philidya
R,Renadra
S,Sekoe
T,Tencendor
V,Vetrodarn
Z,Zorbo
A,Alcae
B,Berwyn
C,Celian
D,Darvian
E,Enayla
F,Filoteo
G,Gesholme
H,Helker
I,Itran
J,Jessiyah
K,Kenia
L,Lilka
M,Massah
N,Neshket
O,Orithyia
P,Philix
R,Renalie
S,Selakiir
T,Tendell
V,Veyk
Z,Zordral
A,Alcarondas
B,Besklen
C,Celima
D,Darvo
E,Enconeg
F,Filsane
G,Gesper
H,Hellem
I,Iubadan
J,Jestin
K,Kenitra
L,Liloa
M,Massiel
N,Nessus
O,Orizon
P,Philomela
R,Renan
S,Selandra
T,Tenet
V,Vhallain
Z,Zoreta
A,Alcira
B,Besleth
C,Celinda
D,Darwold
E,Endelia
F,Filton
G,Gessenia
H,Helliana
I,Ivalas
J,Jetamil
K,Kenley
L,Limeira
M,Massone
N,Nesta
O,Orla
P,Philos
R,Renata
S,Selaro
T,Tengaia
V,Vhol
Z,Zoretep
A,Alcolen
B,Besmal
C,Celinede
D,Darys
E,Endris
F,Filverius
G,Gest
H,Helmer
I,Ivelisse
J,Jevan
K,Kennewick
L,Lindellion
M,Mastema
N,Nestaria
O,Orland
P,Philytes
R,Renattida
S,Selathian
T,Tenhwa
V,Vhondryl
Z,Zoriah
A,Aldaron
B,Besnik
C,Celise
D,Darzal
E,Enelana
F,Fincoll
G,Getara
H,Helmlore
I,Iver
J,Jezzara
K,Kennos
L,Linea
M,Matarn
N,Nestor
O,Orlanthia
P,Phinne
R,Rency
S,Sele
T,Tennes
V,Vhurka
Z,Zorion
A,Aldea
B,Besyran
C,Celistian
D,Dasan
E,Enesstrene
F,Findlaire
G,Gethrad
H,Helt
I,Ivistra
J,Jhaamdath
K,Kenseph
L,Lingol
M,Matasha
N,Neteru
O,Orlen
P,Phiraz
R,Rendell
S,Selemani
T,Tensharra
V,Vhyridaan
Z,Zorita
A,Alder
B,Beszrima
C,Cellador
D,Dasara
E,Enevahr
F,Findlay
G,Getulio
H,Helthros
I,Ivoros
J,Jhalass
K,Kenthel
L,Linvail
M,Matej
N,Netherem
O,Orlenda
P,Phlogiston
R,Rendig
S,Selenia
T,Tenshy
V,Vialora
Z,Zorlus
A,Aldeth
B,Betanio
C,Cellarius
D,Dasselath
E,Enfries
F,Findocore
G,Geven
H,Heluna
I,Ixion
J,Jhaldrym
K,Kentira
L,Linxia
M,Mathaeyia
N,Netosa
O,Orlon
P,Phoe
R,Rengarth
S,Selenice
T,Tenya
V,Viana
Z,Zorratha
A,Alditha
B,Betharios
C,Cellwair
D,Dassio
E,Enger
F,Findolor
G,Gevona
H,Helvern
I,Ixxine
J,Jhangara
K,Kenver
L,Lionello
M,Matheus
N,Neuf
O,Orlpar
P,Phova
R,Renkin
S,Selise
T,Tephen
V,Vianne
Z,Zorya
A,Aldora
B,Betharra
C,Celon
D,Dastia
E,Enildo
F,Finius
G,Gevork
H,Helviane
I,Iyadur
J,Jhanki
K,Kenway
L,Liova
M,Mathura
N,Neurian
O,Ormond
P,Phydran
R,Rennier
S,Seljuk
T,Terane
V,Vidar
Z,Zosime
A,Aldred
B,Bethshan
C,Celosia
D,Datha
E,Enim
F,Finna
G,Ghaleb
H,Helystis
I,Iyarim
J,Jhanniss
K,Keoki
L,Lipenius
M,Matrell
N,Nevgiru
O,Ornora
P,Phyrzene
R,Renwick
S,Sellasia
T,Terania
V,Vidoka
Z,Zotikus
A,Aldrich
B,Bethurel
C,Celski
D,Dathan
E,Enion
F,Fintira
G,Ghaliss
H,Hemera
I,Iymrauth
J,Jhanon
K,Keolish
L,Liptrot
M,Matresa
N,Nevis
O,Ornska
P,Pianoro
R,Renzel
S,Selmak
T,Terek
V,Vidonia
Z,Zozzul
A,Aldros
B,Beticus
C,Celynnen
D,Datharian
E,Enlil
F,Fiona
G,Ghanta
H,Hendak
I,Izanagi
J,Jhansi
K,Keonna
L,Lirdinna
M,Matrika
N,Nevron
O,Ornulf
P,Pias
R,Renzia
S,Selmiela
T,Terenia
V,Vierto
Z,Zsanett
A,Aldwerth
B,Bevan
C,Celynvian
D,Datura
E,Enmeshe
F,Fiorella
G,Gharoghol
H,Hendon
I,Izaura
J,Jharineth
K,Kera
L,Lirienne
M,Matrim
N,Nevsa
O,Orontes
P,Piatra
R,Reptar
S,Selmyra
T,Teresina
V,Vignesh
Z,Zsasa
A,Aldwin
B,Bevene
C,Cemal
D,Daudir
E,Ennarea
F,Fiorwan
G,Ghassan
H,Hendrick
I,Izmur
J,Jharkor
K,Kereen
L,Lirin
M,Mattix
N,Newel
O,Orphrat
P,Pickthall
R,Rerente
S,Selni
T,Teriaz
V,Vikash
Z,Zsodosa
A,Aldym
B,Bhargava
C,Cemarest
D,Davarus
E,Ennea
F,Firdos
G,Ghastar
H,Henesh
I,Izrabal
J,Jhasina
K,Kerela
L,Liris
M,Maucmaugh
N,Neysa
O,Orrent
P,Pilmer
R,Rescha
S,Selnor
T,Terlin
V,Vikentios
Z,Zuanna
A,Aleana
B,Bhaudach
C,Cemble
D,Davina
E,Enollar
F,Firisara
G,Ghastkill
H,Heniel
I,Izragan
J,Jhaznos
K,Kerian
L,Lirisman
M,Maugrim
N,Neziel
O,Orsinian
P,Pilton
R,Resh
S,Selthos
T,Termana
V,Viksa
Z,Zubova
A,Alecto
B,Bhavana
C,Cemby
D,Davinder
E,Enor
F,Fitzie
G,Ghazal
H,Hent
I,Izzali
J,Jhelson
K,Keris
L,Liron
M,Maulesh
N,Nezin
O,Orsmonder
P,Pinadike
R,Reshana
S,Selthris
T,Terndira
V,Viktal
Z,Zuera
A,Aleda
B,Biago
C,Cemetra
D,Davion
E,Enthra
F,Flaenia
G,Ghazala
H,Hephis
J,Jhessail
K,Kerney
L,Lisanne
M,Maulik
N,Nezram
O,Orsolya
P,Pio
R,Reshard
S,Selvar
T,Terok
V,Vilfort
Z,Zuheyr
A,Alekos
B,Bijaya
C,Cendran
D,Davius
E,Entian
F,Flameshadow
G,Ghed
H,Herben
J,Jhezane
K,Kerning
L,Lischard
M,Maun
N,Nezreen
O,Orteas
P,Piramo
R,Respen
S,Selvil
T,Terrick
V,Villamor
Z,Zulaaria
A,Alemandra
B,Bildor
C,Cendrillon
D,Davlyn
E,Enuma
F,Flande
G,Gheina
H,Heredel
J,Jhia
K,Keroles
L,Lisette
M,Mauncrah
N,Nezzar
O,Orten
P,Piroska
R,Resurgam
S,Selwyn
T,Terrog
V,Villanda
Z,Zulema
A,Alemanni
B,Billis
C,Cenedra
D,Davos
E,Enushara
F,Flarinda
G,Ghelspad
H,Heregan
J,Jhirys
K,Kerraweth
L,Lisretha
M,Maungra
N,Nezzie
O,Ortnit
P,Pitarja
R,Retta
S,Semele
T,Terrymont
V,Villisca
Z,Zulkin
A,Alemhok
B,Bilrentheus
C,Cenen
D,Davros
E,Eormen
F,Flass
G,Ghemar
H,Herema
J,Jhomar
K,Kerrin
L,Lissaph
M,Maurelle
N,Ngona
O,Ortonus
P,Pith
R,Reut
S,Semka
T,Tershalin
V,Vilmalla
Z,Zulma
A,Alene
B,Biltis
C,Cener
D,Daylen
E,Eowyna
F,Flaviano
G,Ghidant
H,Hereward
J,Jhuma
K,Kerrinan
L,Lissath
M,Mauritian
N,Nhagruul
O,Orwae
P,Platon
R,Revani
S,Semnai
T,Terthan
V,Vilsar
Z,Zumbro
A,Alerena
B,Binalfa
C,Cenetra
D,Daymar
E,Ephesus
F,Flidais
G,Ghislain
H,Herise
J,Jibran
K,Kerubiel
L,Lissilma
M,Mauton
N,Niah
O,Orwan
P,Pleavin
R,Revianne
S,Semyaza
T,Tertia
V,Vilvisurr
Z,Zumbrota
A,Aleria
B,Birrella
C,Cenis
D,Daynes
E,Ephiny
F,Flora
G,Ghissa
H,Hermokrates
J,Jibrial
K,Keryvian
L,Listin
M,Mavelle
N,Niala
O,Oryssta
P,Plemena
R,Rewen
S,Senas
T,Teryani
V,Vilya
Z,Zuralion
A,Aleron
B,Bissane
C,Cennetta
D,Dcarius
E,Epim
F,Floradel
G,Ghizal
H,Herne
J,Jicalyn
K,Kerzit
L,Lixato
M,Mavheran
N,Niall
O,Osbrun
P,Plexor
R,Reylamina
S,Senath
T,Tesidus
V,Vimala
Z,Zuri
A,Alessandra
B,Bisson
C,Cenobio
D,Deandra
E,Epimall
F,Florian
G,Gholamreza
H,Herodion
J,Jienne
K,Keseri
L,Llan
M,Mavora
N,Niana
O,Osduin
P,Poch
R,Reylene
S,Sendes
T,Teslith
V,Vimalesh
Z,Zuriel
A,Alethra
B,Biviana
C,Cenodel
D,Dearborn
E,Epirus
F,Florian
G,Ghorak
H,Herrick
J,Jiephen
K,Keshundra
L,Llanwyn
M,Mawen
N,Nibelongen
O,Osgar
P,Podarces
R,Reylin
S,Senedana
T,Tessara
V,Vinala
Z,Zurisatro
A,Aletta
B,Bizzait
C,Ceola
D,Deason
E,Epona
F,Florimell
G,Ghorus
H,Herron
J,Jierdan
K,Keshyria
L,Llaulmyn
M,Maxpary
N,Nicaea
O,Osken
P,Poela
R,Rezaur
S,Senelfin
T,Testaron
V,Vinanti
Z,Zurishalen
A,Alexius
B,Bjornin
C,Ceonna
D,Deathurga
E,Epudoa
F,Floshin
G,Ghothmarn
H,Hertris
J,Jilana
K,Kesia
L,Lledrith
M,Mayana
N,Nicandro
O,Ossam
P,Poiteran
R,Rezdan
S,Sener
T,Tethbec
V,Vindyne
Z,Zurn
A,Algania
B,Bladebiter
C,Cephas
D,Decanus
E,Erach
F,Flulia
G,Ghuantel
H,Herus
J,Jilith
K,Kesley
L,Llendo
M,Mayela
N,Nicanor
O,Otava
P,Pokora
R,Reznak
S,Senga
T,Tethema
V,Vineetha
Z,Zurvan
A,Algol
B,Bladecrusher
C,Cephas
D,Decius
E,Eraste
F,Flydian
G,Ghulam
H,Herve
J,Jilran
K,Kest
L,Llenim
M,Mayim
N,Nichoria
O,Otavalo
P,Polgara
R,Rezron
S,Senia
T,Tetran
V,Vinesh
Z,Zusta
A,Algorond
B,Bladud
C,Cepheus
D,Deckon
E,Erastil
F,Focar
G,Giandra
H,Herzl
J,Jinan
K,Kesta
L,Llethwyn
M,Mayknoll
N,Nichoria
O,Othalon
P,Polira
R,Rezwal
S,Senlis
T,Tevandel
V,Vineya
Z,Zutho
A,Alhulak
B,Blaera
C,Ceralde
D,Declan
E,Erath
F,Foebinder
G,Giantbiter
H,Herzog
J,Jindrich
K,Kester
L,Llolfaen
M,Mayla
N,Nidrich
O,Othel
P,Poliris
R,Rhab
S,Senna
T,Thadine
V,Vinjorak
Z,Zuwarah
A,Aliiza
B,Blamira
C,Ceratus
D,Deegie
E,Eravian
F,Folara
G,Gib
H,Hesketh
J,Jinesh
K,Kester
L,Llonwyn
M,Maylee
N,Nidryn
O,Othilla
P,Pollus
R,Rhadamanthus
S,Senold
T,Thaecia
V,Vinoth
Z,Zuzela
A,Alina
B,Blane
C,Cerelia
D,Deepali
E,Erawn
F,Folcoerr
G,Gicela
H,Hessa
J,Jingasa
K,Keteel
L,Lloros
M,Mayllen
N,Nienna
O,Othmok
P,Pontek
R,Rhaella
S,Seoni
T,Thaemedra
V,Vinsala
Z,Zvalana
A,Alinnos
B,Blangan
C,Cerelias
D,Deepanshu
E,Eremal
F,Folkshield
G,Giddel
H,Hesturiel
J,Jinorus
K,Kethemar
L,Llyrbele
M,Maynardo
N,Nifai
O,Othon
P,Pontelis
R,Rhaenys
S,Seorlam
T,Thaine
V,Vinson
Z,Zvolen
A,Aliosandra
B,Blanton
C,Cerenna
D,Deetra
E,Eren
F,Folmoric
G,Gidrondell
H,Hetar
J,Jiraz
K,Kethin
L,Llyrgryf
M,Maynor
N,Nihmedu
O,Othralen
P,Poraphia
R,Rhaessa
S,Sephrio
T,Thainstone
V,Vintanique
Z,Zvornik
A,Alioth
B,Blazanar
C,Cergos
D,Defnas
E,Erendira
F,Foluso
G,Gien
H,Hetha
J,Jirina
K,Ketka
L,Llyris
M,Mayoka
N,Niimad
O,Othrambul
P,Poratha
R,Rhaetia
S,Sepur
T,Thairon
V,Vinuh
Z,Zyla
A,Aliphane
B,Bleddis
C,Cerigo
D,Degaan
E,Erene
F,Folvys
G,Giffel
H,Hetten
J,Jirlesa
K,Ketmos
L,Loaun
M,Mazdak
N,Nikos
O,Othrantar
P,Porek
R,Rhagos
S,Serabel
T,Thais
V,Vinutha
Z,Zylik
A,Alisen
B,Bleis
C,Cerlito
D,Deianira
E,Erenia
F,Fonya
G,Gifre
H,Hezass
J,Jiro
K,Ketta
L,Lobee
M,Mazhar
N,Nilah
O,Othras
P,Porosa
R,Rhaissa
S,Serala
T,Thalamai
V,Virago
Z,Zylphan
A,Alissia
B,Blesilda
C,Cernum
D,Deidamia
E,EressÎ´a
F,Forak
G,Gihan
H,Hiatea
J,Jisan
K,Keurig
L,Locrinia
M,Mealiden
N,Nilchos
O,Othreier
P,Porpherio
R,Rhamneth
S,Seralath
T,Thalantyr
V,Virak
Z,Zymot
A,Alita
B,Blonia
C,Cernus
D,Deikov
E,Ergoth
F,Foriana
G,Gilacio
H,Hiatel
J,Jixy
K,Kevaara
L,Loddellas
M,Meandarra
N,Nileno
O,Othrys
P,Porris
R,Rhana
S,Seran
T,Thalassa
V,Virduk
Z,Zyn
A,Alkindus
B,Bloodbeard
C,Ceros
D,Deilzenar
E,Eri
F,Forice
G,Gilada
H,Hicetaon
J,Jiya
K,Kevalben
L,Loella
M,Meara
N,Nillen
O,Otiluke
P,Poseides
R,Rhangnoble
S,Seranon
T,Thalassius
V,Vire
Z,Zynovia
A,Allard
B,Bloodsworn
C,Cerrick
D,Deimas
E,Eriad
F,Foriloth
G,Gilda
H,Hiddukle
J,Joab
K,Kevaris
L,Lofton
M,Mearl
N,Nimah
O,Oton
P,Postle
R,Rharda
S,Seraphiel
T,Thalaver
V,Virendra
Z,Zyra
A,Allister
B,Blopono
C,Cerridwen
D,Deira
E,Erichthonius
F,Forshunna
G,Gildan
H,Hidon
J,Joachim
K,Keveena
L,Logara
M,Mebestien
N,Nimar
O,Otoniel
P,Poulomi
R,Rhaun
S,Seregorm
T,Thaldorn
V,Virese
Z,Zyradow
A,Allon
B,Blubara
C,Certes
D,Dejai
E,Eridania
F,Forstid
G,Gileslia
H,Hierophant
J,Joakeel
K,Kevern
L,Logesh
M,Medar
N,Nimath
O,Otonkolos
P,Powell
R,Rhecan
S,Sereja
T,Thaleem
V,Viridia
Z,Zyrine
A,Almar
B,Blundyth
C,Cervando
D,Dejana
E,Eridis
F,Foryn
G,Giliean
H,Hildor
J,Joalan
K,Keyon
L,Lohar
M,Medardo
N,Nimicri
O,Otran
P,Praethec
R,Rhedrian
S,Serenio
T,Thaler
V,Virlyn
Z,Zyrus
A,Almathea
B,Boaz
C,Cervelio
D,Dekeldric
E,Erion
F,Fostengar
G,Gilila
H,Hildron
J,Joales
K,Kezaf
L,Loimeriea
M,Medegian
N,Nimro
O,Otruki
P,Prakla
R,Rheidarn
S,Seret
T,Thalered
V,Virman
Z,Zywick
A,Almere
B,Bodari
C,Cesta
D,Deketra
E,Eris
F,Fournier
G,Gilim
H,Hilfred
J,Jobert
K,Keziah
L,Lokanath
M,Medgar
N,Nimue
O,Ouasus
P,Prasanna
R,Rhellmar
S,Serian
T,Thalia
V,Viroj
A,Almira
B,Boderill
C,Cestrella
D,Dekovan
E,Erisan
F,Fraktar
G,Giller
H,Hillark
J,Jobin
K,Kezmya
L,Lokand
M,Medhavi
N,Nimziki
O,Oulam
P,Praveen
R,Rhen
S,Seritram
T,Thalion
V,Virtos
A,Almor
B,Bodog
C,Cesya
D,Delagoth
E,Erith
F,Frangi
G,Gillot
H,Hillel
J,Jocasta
K,Khaalis
L,Lokasenna
M,Mediocros
N,Ninaka
O,Owaenvan
P,Praxides
R,Rhewani
S,Serpin
T,Thalisa
V,Visasser
A,Almund
B,Bodorian
C,Cetheres
D,Delain
E,Erla
F,Frantisek
G,Gilmar
H,Himaya
J,Jocel
K,Khabir
L,Lokeren
M,Medwick
N,Ninsun
O,Owaiglyn
P,Preawyn
R,Rhiad
S,Serria
T,Thallonia
V,Vishal
A,Alodia
B,Bogdan
C,Cethrassir
D,Delamico
E,Erlen
F,Frantresca
G,Gilmere
H,Hinnar
J,Jochebed
K,Khadar
L,Lokesh
M,Medwyn
N,Niobe
O,Ozair
P,Premal
R,Rhialle
S,Seshay
T,Thalos
V,Vishnoor
A,Alokair
B,Boldbeard
C,Cethric
D,Delana
E,Erobia
F,Franulfo
G,Gilnith
H,Hiroen
J,Joconan
K,Khadiga
L,Loliondo
M,Meekatharra
N,Niol
O,Ozangere
P,Prentis
R,Rhin
S,Sessibi
T,Thamin
V,Vistethan
A,Aloni
B,Boldblade
C,Cethry
D,Delarin
E,Erolondra
F,Franzel
G,Gilnor
H,Hitaf
J,Jodelle
K,Khadira
L,Lolis
M,Meenakshi
N,Niord
O,Ozden
P,Preschard
R,Rhistiel
S,Setara
T,Thammuz
V,Viszlo
A,Aloniira
B,Bolgreth
C,Ceto
D,Delcer
E,Erranil
F,Franziska
G,Giloch
H,Hiyal
J,Joelen
K,Khalas
L,Lollyra
M,Meerswal
N,Nircyn
O,Ozeliane
P,Presho
R,Rhode
S,Setareh
T,Thana
V,Vita
A,Alonth
B,Bolide
C,Cevil
D,Delcine
E,Errasa
F,Frathess
G,Gilola
H,Hizdahr
J,Jofflin
K,Khalid
L,Lolthalia
M,Megara
N,Nirdanath
O,Ozelina
P,Prespa
R,Rhodelyn
S,Seterlu
T,Thandell
V,Vithal
A,Aloraea
B,Bollard
C,Cevrus
D,Deldiira
E,Erridon
F,Frea
G,Gilpin
H,Hleran
J,Jogendra
K,Khalk
L,Lombro
M,Mehak
N,Niree
O,Ozella
P,Pressford
R,Rhomali
S,Sethor
T,Thandra
V,Vithia
A,Alotrix
B,Bolnor
C,Cezria
D,Delek
E,Erta
F,Frebec
G,Gilvan
H,Hoardebreaker
J,Johab
K,Khalli
L,Lomela
M,Mehmen
N,Nirinath
O,Oziel
P,Preston
R,Rhonwen
S,Sethra
T,Thanelen
V,Vithyra
A,Aloufin
B,Bomar
C,Chadalston
D,Delena
E,Eruadan
F,Frebelle
G,Gilyan
H,Hoarmar
J,Johan
K,Khamet
L,Lomys
M,Meiana
N,Nirresh
O,Oznak
P,Previn
R,Rhose
S,Setkoth
T,Thangar
V,Vitigar
A,Alovandre
B,Bopha
C,Chadra
D,Delfric
E,Erythos
F,Fredegar
G,Gimona
H,Hobarth
J,Johara
K,Khamsa
L,Lonaz
M,Meilum
N,Nishad
O,Ozro
P,Prexa
R,Rhosher
S,Setter
T,Thangardt
V,Vitonni
A,Alpheus
B,Borean
C,Chadzina
D,Delian
E,Esadoa
F,Frelan
G,Gimra
H,Hoel
J,Joharran
K,Khantal
L,Lorach
M,Meinedd
N,Nishrek
O,Ozura
P,Priam
R,Rhovan
S,Severin
T,Thanowayn
V,Vitroin
A,Alphor
B,Boreas
C,Chaitra
D,Delio
E,Esbelle
F,Frenn
G,Ginafae
H,Hofflan
J,Johen
K,Kharakhan
L,Loralla
M,Meir
N,Nishta
P,Prismal
R,Rhudlyn
S,Seyda
T,Thantul
V,Vittal
A,Alrette
B,Boretha
C,Chaitram
D,Delitha
E,Escator
F,Frerek
G,Ginda
H,Hogarth
J,Johiro
K,Kharkon
L,Loran
M,Mekalah
N,Nisroc
P,Proctiv
R,Rhunir
S,Sezela
T,Thaodus
V,Vivek
A,Alrus
B,Borgamot
C,Chakos
D,Deliz
E,Esdrecus
F,Freward
G,Gindrala
H,Hogni
J,Johorran
K,Khasso
L,Lorbal
M,Melana
N,Nitara
P,Proctor
R,Rhyn
S,Seznec
T,Thar
V,Vix
A,Alsinnara
B,Borgul
C,Chalavar
D,Delizan
E,Esheen
F,Freynold
G,Ginesa
H,Holdat
J,Joia
K,Khazar
L,Lorellan
M,Melando
N,Nithanalor
P,Proehn
R,Rial
S,Shaartael
T,Tharadodus
V,Vizemod
A,Alsta
B,Borias
C,Chalcie
D,Delja
E,Eshka
F,Frikhesp
G,Ginitiis
H,Holgen
J,Joinville
K,Khelan
L,Lorelle
M,Melanio
N,Nithian
P,Protik
R,Riathenor
S,Shadelsin
T,Tharag
V,Vladislav
A,Altair
B,Borich
C,Chaldean
D,Della
E,Eshmun
F,Frisk
G,Ginzari
H,Holleb
J,Jolan
K,Kheless
L,Lorent
M,Melantha
N,Nithryon
P,Prydwen
R,Riativan
S,Shadworth
T,Tharaxus
V,Vladlan
A,Altani
B,Borneheld
C,Chaldir
D,Dellora
E,Eshunir
F,Frocyn
G,Gioan
H,Holloway
J,Jolanta
K,Khelgar
L,Loriell
M,Melanthus
N,Nitocris
P,Pteryces
R,Riawin
S,Shaeroon
T,Tharessi
V,Vluth
A,Althea
B,Boroleas
C,Chalen
D,Dellyn
E,Esklad
F,Froisson
G,Giora
H,Hollyn
J,Jolinar
K,Khemed
L,Lorik
M,Melarn
N,Nitosha
P,Puchan
R,Riddledancer
S,Shahpesh
T,Thargelia
V,Vodera
A,Altier
B,Boromar
C,Chaleta
D,Delmac
E,Esme
F,Froma
G,Gios
H,Holn
J,Jolivette
K,Khendar
L,Lorinar
M,Melastirth
N,Nitrilla
P,Puchezma
R,Riderich
S,Shair
T,Tharsis
V,Vogard
A,Aluriel
B,Borri
C,Chalfauna
D,Delmario
E,Esmeralle
F,Frostdale
G,Gira
H,Holnbe
J,Jolus
K,Khepira
L,Lorinda
M,Melcer
N,Nitsa
P,Pumster
R,Ridnir
S,Shaishach
T,Thasean
V,Voggu
A,Alurius
B,Borwyn
C,Chalina
D,Delmas
E,Esolva
F,Frotak
G,Giraldus
H,Holt
J,Jomara
K,Kherris
L,Lorl'vana
M,Melchor
N,Nivaldo
P,Purgali
R,Ridwan
S,Shakl
T,Thauglor
V,Vohalath
A,Alussa
B,Bosero
C,Chalon
D,Delmer
E,Esrom
F,Fuamach
G,Giran
H,Holte
J,Jomel
K,Khina
L,Lormac
M,Melcia
N,Nivetha
P,Pursglove
R,Rielle
S,Shakran
T,Thaugrion
V,Voiana
A,Alya
B,Bozen
C,Chalono
D,Delmira
E,Essembra
F,Fulvia
G,Giravayne
H,Homsher
J,Jomond
K,Khinjarsi
L,Lormyr
M,Melcyn
N,Nivio
P,Purta
R,Riertus
S,Shakziel
T,Thaviel
V,Voldar
A,Alyn
B,Bracken
C,Chalt
D,Delmis
E,Essyon
F,Fulvio
G,Girdhari
H,Hopelorn
J,Jomyr
K,Kholl
L,Lorna
M,Meldanen
N,Nixida
P,Pycelle
R,Rietta
S,Shala
T,Thaxter
V,Volene
A,Amadee
B,Brackley
C,Chalyik
D,Deloma
E,Estirdalin
F,Fumi
G,Giris
H,Hordak
J,Jondenn
K,Khondlo
L,Lortz
M,Meldon
N,Nixio
P,Pylia
R,Riffrin
S,Shalara
T,Thaylinn
V,Voleta
A,Amado
B,Bracton
C,Chamada
D,Delondra
E,Eston
F,Funjega
G,Girkar
H,Horgar
J,Jonell
K,Khrazz
L,Lorus
M,Meldrick
N,Nizana
P,Pylindra
R,Rig
S,Shalarein
T,Thazal
V,Volfango
A,Amael
B,Brae
C,Chamyel
D,Delora
E,Estoril
F,Furst
G,Girleen
H,Horiel
J,Jonsa
K,Khushal
L,Losadunai
M,Melea
N,Nizar
P,Pylos
R,Rigauld
S,Shaldrissa
T,Theah
V,Volga
A,Amain
B,Braegen
C,Chandan
D,Delos
E,Eswin
F,Fuxina
G,Gisel
H,Horizakaul
J,Jonwine
K,Ki'thay
L,Loscan
M,Meleager
N,Njorn
P,Pyras
R,Rigel
S,Shallan
T,Thedaric
V,Volian
A,Amalas
B,Braelly
C,Chandar
D,Delosar
E,Etain
F,Fynolt
G,Gisette
H,Horvath
J,Jopesk
K,Kiamet
L,Lotan
M,Melech
N,Noanar
P,Pyrma
R,Rigo
S,Shalush
T,Thelanar
V,Volker
A,Amalina
B,Braethri
C,Chandira
D,Delphine
E,Etair
F,Fynwick
G,Gitendra
H,Hostig
J,Jophiel
K,Kiana
L,Lotha
M,Melegaunt
N,Nobruzzal
P,Pyrrhus
R,Rikka
S,Shamio
T,Thelas
V,Volkos
A,Amalith
B,Brage
C,Chanesta
D,Delquiff
E,Etanne
F,Fyren
G,Githan
H,Hoswig
J,Joplaya
K,Kiath
L,Lothair
M,Meleghost
N,Nogano
P,Pyrus
R,Riktal
S,Shamud
T,Theleb
V,Volney
A,Amara
B,Bragi
C,Chania
D,Delryn
E,Etelle
F,Fyrose
G,Givlich
H,Howes
J,Jopson
K,Kibbul
L,Lothalia
M,Melek
N,Nokele
P,Pyxwell
R,Rilani
S,Shandaril
T,Thelgood
V,Volrath
A,Amarei
B,Brakana
C,Chanista
D,Delsenia
E,Ethasi
G,Givos
H,Howland
J,Jora
K,Kidaria
L,Lothriel
M,Melesca
N,Nolana
R,Rile
S,Shangalar
T,Thelle
V,Voltruno
A,Amblecrown
B,Bralas
C,Chanon
D,Delsenora
E,Ethemian
G,Givyn
H,Hraedin
J,Jorah
K,Kideera
L,Lotis
M,Melgazar
N,Noldor
R,Rilindo
S,Shanived
T,Thelonn
V,Voluris
A,Ambriel
B,Bramly
C,Chansobal
D,Delsin
E,Ethendard
G,Gizzida
H,Hreid
J,Jorgan
K,Kidira
L,Lotulis
M,Melia
N,Noleta
R,Rillifane
S,Shanton
T,Themistoklea
V,Volute
A,Ambros
B,Bramwell
C,Chaona
D,Delton
E,Ethennian
G,Gjerrea
H,Hrisskar
J,Jorica
K,Kidona
L,Lourine
M,Melina
N,Nolimer
R,Rilvayn
S,Shanya
T,Themrin
V,Vonna
A,Amelita
B,Branchala
C,Charasel
D,Deltric
E,Ethina
G,Glaemril
H,Hrordis
J,Jorielle
K,Kieondra
L,Loutre
M,Melindrea
N,Nolith
R,Rimardo
S,Shar-Teel
T,Thena
V,Vonshay
A,Amerine
B,Branda
C,Charcemish
D,Delvert
E,Ethra
G,Glaenara
H,Huber
J,Jorin
K,Kier
L,Lovanna
M,Melinshae
N,Nollix
R,Rimhel
S,Shara
T,Thendara
V,Vonzetta
A,Ameskane
B,Brandach
C,Chardalyn
D,Delza
E,Ethram
G,Glaeros
H,Hukir
J,Jorlan
K,Kieran
L,Lovita
M,Melisenda
N,Nolvia
R,Rimnir
S,Sharanda
T,Thendrik
V,Voonek
A,Amfast
B,Brannagh
C,Chardot
D,Delzon
E,Etienne
G,Glafira
H,Hukra
J,Jorma
K,Kierson
L,Loxar
M,Melishander
N,Nolzur
R,Rimrus
S,Shargam
T,Thenemon
V,Vorash
A,Amir
B,Branwen
C,Chardun
D,Delzoun
E,Ettana
G,Glaicas
H,Hulen
J,Jorrell
K,Kiftal
L,Loyce
M,Melista
N,Nomia
R,Riolona
S,Shari
T,Thennaley
V,Vordriga
A,Amistain
B,Brasidas
C,Charien
D,Delzy
E,Eunorites
G,Glaisa
H,Hull
J,Jortheyn
K,Kiira
L,Lucasta
M,Melitain
N,Nomita
R,Riona
S,Sharlee
T,Thenol
V,Vorgaad
A,Amodun
B,Brastias
C,Charlena
D,Demaris
E,Eussilia
G,Glandar
H,Humfrid
J,Jorum
K,Kijafa
L,Lucira
M,Melito
N,Nona
R,Risaan
S,Sharliss
T,Thensen
V,Vori
A,Amoret
B,Brastias
C,Charoli
D,Demelza
E,Euteles
G,Glanvill
H,Hummel
J,Jory
K,Kilara
L,Ludisa
M,Melkonis
N,Nondus
R,Risberg
S,Sharmana
T,Thensil
V,Vorla
A,Amorian
B,Brattigan
C,Charreen
D,Demeres
E,Evaelathil
G,Glanvyl
H,Hunor
J,Jorzoon
K,Kildeen
L,Ludru
M,Mellasel
N,Nonetta
R,Rismin
S,Sharwyn
T,Theodolite
V,Vorlino
A,Ampelio
B,Braxious
C,Charva
D,Demetria
E,Evailos
G,Glareh
H,Hunosel
J,Joseran
K,Kilimur
L,Luena
M,Mellifleur
N,Nonnach
R,Ristlos
S,Shaster
T,Theodulus
V,Vorlix
A,Amphissa
B,Brecie
C,Charys
D,Demian
E,Evaine
G,Glasya
H,Huoyan
J,Josian
K,Killian
L,Lugal
M,Melmoth
N,Noora
R,Riston
S,Shattados
T,Theogenis
V,Vorm
A,Amprei
B,Bredda
C,Chasca
D,Demianete
E,Evaleen
G,Glaumros
H,Hurgo
J,Jotham
K,Kimora
L,Lugardo
M,Melora
N,Nooriyah
R,Risvetti
S,Shaumak
T,Theon
V,Vornath
A,Amra
B,Breid
C,Chasesk
D,Demirhan
E,Evalla
G,Glaurach
H,Huriza
J,Jovar
K,Kimserg
L,Lugena
M,Melosha
N,Norcia
R,Ritchel
S,Shaya
T,Theonen
V,Vorstus
A,Amriath
B,Brencis
C,Chatara
D,Demitra
E,Evani
G,Glaynes
H,Hutchin
J,Jovena
K,Kinither
L,Lugo
M,Melosia
N,Nordmuth
R,Rithrop
S,Shaybara
T,Theophania
V,Vossen
A,Amusis
B,Brenett
C,Chathin
D,Demmeris
E,Evenwood
G,Glendaloth
H,Hutirel
J,Jovenne
K,Kinthar
L,Luiren
M,Melotaph
N,Nordreisa
R,Ritiik
S,Shaydor
T,Thera
V,Vosti
A,Amywiel
B,Brennac
C,Chaulssin
D,Demophon
E,Evereska
G,Glendower
H,Huyana
J,Jovetny
K,Kinuthia
L,Lukela
M,Melrick
N,Norenna
R,Ritul
S,Shazzellim
T,Therianaixius
V,Voula
A,Anafiel
B,Brenner
C,Chaya
D,Demos
E,Evin
G,Glenia
H,Hyalmar
J,Jovica
K,Kinvelthus
L,Lukina
M,Melsany
N,Norfeolt
R,Ritwik
S,Sheevis
T,Theriss
V,Vraekor
A,Anaga
B,Brenos
C,Chayle
D,Demtra
E,Evithyan
G,Glianal
H,Hyden
J,Joya
K,Kiomara
L,Lulea
M,Melusina
N,Noria
R,Rivalin
S,Shehariah
T,Thermasia
V,Vraliss
A,Anaharath
B,Briah
C,Chedena
D,Denak
E,Eydis
G,Glina
H,Hyeric
J,Joylin
K,Kiondra
L,Lulthiss
M,Melza
N,Noriel
R,Rivenarra
S,Sheikh
T,Therol
V,Vrask
A,Anait
B,Brielbara
C,Cheladorn
D,Deneb
E,Ezrella
G,Glindir
H,Hylan
J,Jozeran
K,Kionea
L,Luminitsa
M,Membricus
N,Norinum
R,Rivenstone
S,Shekinester
T,Therosa
V,Vrushali
A,Ananda
B,Brielle
C,Chelan
D,Denestan
G,Glitz
H,Hymeria
J,Jubal
K,Kiplo
L,Lundgren
M,Memmess
N,Norlo
R,Rivi
S,Shela
T,Thersos
V,Vunoon
A,Anaphia
B,Brienne
C,Cheliax
D,Denin
G,Gloam
H,Hyne
J,Judelissa
K,Kiral
L,Luremus
M,Memmon
N,Normund
R,Rivka
S,Shelandra
T,Thesal
V,Vycaena
A,Anastria
B,Briente
C,Chelish
D,Denissa
G,Glorindel
H,Hyria
J,Judelka
K,Kirath
L,Luriella
M,Menardi
N,Nornagrym
R,Rivkah
S,Shelgarn
T,Thessalia
V,Vykmon
A,Anath
B,Brightbeard
C,Chemis
D,Denley
G,Gloris
H,Hyron
J,Judene
K,Kircen
L,Lurraiza
M,Mencel
N,Noro
R,Riyaz
S,Sheliano
T,Thessaloni
V,Vyrania
A,Anatolia
B,Brightblade
C,Chemosh
D,Dennett
G,Glyndowr
H,Hystis
J,Judson
K,Kirian
L,Lusaka
M,Mendoline
N,Norona
R,Riza
S,Shelwen
T,Thessla
V,Vyrica
A,Anauria
B,Brightshield
C,Chenzira
D,Denovaris
G,Glyrddan
H,Hyzer
J,Juhniel
K,Kiriki
L,Lusia
M,Menelaus
N,Norred
R,Rizona
S,Shelyn
T,Thetalia
V,Vyrmas
A,Ancasta
B,Brilash
C,Chergoua
D,Denric
G,Gnaash
H,Hyziel
J,Jujika
K,Kiril
L,Lusselyn
M,Menesant
N,Norval
R,Roanna
S,Shemesh
T,Thiandra
V,Vyset
A,Ancona
B,Brilmara
C,Chermosk
D,Denya
G,Gnaceus
J,Julhan
K,Kirith
L,Lustrog
M,Meniadh
N,Norvella
R,Robaire
S,Shemoskarn
T,Thiasus
V,Vyshak
A,Andakilsa
B,Briniel
C,Chernin
D,Deofrit
G,Gnarus
J,Julissa
K,Kisara
L,Lutalo
M,Menri
N,Norvin
R,Robigus
S,Shemov
T,Thidus
V,Vyus
A,Andalen
B,Brinlemund
C,Cheruu
D,Deola
G,Goblincrusher
J,Julix
K,Kisen
L,Lutherum
M,Mera
N,Norward
R,Rodas
S,Shenir
T,Thiellyan
A,Andalor
B,Brinthia
C,Chesagol
D,Deorwald
G,Goerl
J,Julka
K,Kishana
L,Lutzaen
M,Meradwyn
N,Norwena
R,Rodoffin
S,Shenock
T,Thila
A,Andalusa
B,Briona
C,Cheslav
D,Derathar
G,Goetia
J,Julnar
K,Kissia
L,Luxus
M,Merald
N,Noryn
R,Rodric
S,Sherra
T,Thilena
A,Andara
B,Brithmaur
C,Cheston
D,Derenda
G,Goewin
J,Juma
K,Kithas
L,Lya
M,Mercia
N,Norzaidi
R,Roen
S,Sherudon
T,Thilik
A,Andarys
B,Brodgar
C,Chevoor
D,Derestine
G,Goffar
J,Jumala
K,Kitira
L,Lycaphra
M,Mercott
N,Norzalhk
R,Roendra
S,Shesara
T,Thillunrian
A,Andeis
B,Brogach
C,Chiara
D,Derex
G,Goibhnu
J,Jumanah
K,Kitisha
L,Lyceam
M,Merdecia
N,Noshen
R,Roham
S,Shevarra
T,Thiralas
A,Andor
B,Brolla
C,Chiedu
D,Derfel
G,Gokulnath
J,Jumar
K,Kitrea
L,Lymond
M,Merdigan
N,Noster
R,Roku
S,Shez
T,Thirza
A,Andrani
B,Brondarin
C,Chilak
D,Dergin
G,Golarin
J,Juni
K,Kitron
L,Lynal
M,Meredath
N,Nothnarg
R,Rolan
S,Shia
T,Thocus
A,Andreana
B,Bronin
C,Chilash
D,Deriel
G,Goldenbeard
J,Junlan
K,Kiva
L,Lyndelendo
M,Meren
N,Notley
R,Rolda
S,Shidara
T,Tholan
A,Andrelion
B,Bronnia
C,Chione
D,Dernhelm
G,Goldenblade
J,Junya
K,Kivan
L,Lyndrea
M,Mergoda
N,Noubar
R,Rolerick
S,Shieldsplitter
T,Tholdengild
A,Andrelo
B,Bronwen
C,Chira
D,Dernis
G,Goldenhammer
J,Jurdman
K,Kiyomi
L,Lynneth
M,Meriam
N,Noura
R,Rolo
S,Shiera
T,Tholie
A,Andris
B,Broton
C,Chiros
D,Derogna
G,Goldenshield
J,Jurek
K,Kizil
L,Lynoure
M,Meriammae
N,Novine
R,Rolstom
S,Shilah
T,Tholqra
A,Andronus
B,Brouthod
C,Chirranirr
D,Derollan
G,Goldmarrow
J,Jurith
K,Kizzaf
L,Lyrice
M,Merian
N,Novomira
R,Romuel
S,Shilandra
T,Thombrum
A,Andule
B,Browd
C,Chiru
D,Derratikus
G,Golenta
J,Jurrolos
K,Kjell
L,Lyrina
M,Merigo
N,Nox
R,Rona
S,Shimmaryn
T,Thongar
A,Andvari
B,Brug
C,Chitira
D,Derthennes
G,Golgomath
J,Jutoris
K,Klaram
L,Lyrune
M,Meristaak
N,Nozomi
R,Rond
S,Shinantra
T,Thonolan
A,Anfiel
B,Brugar
C,Chlodalin
D,Dervala
G,Golgoti
J,Jylresa
K,Klarens
L,Lysirial
M,Meriuset
N,Nozria
R,Rondo
S,Shinare
T,Thonolia
A,Angelar
B,Brunn
C,Chora
D,Dervich
G,Golia
J,Jyotindra
K,Klarisna
L,Lysono
M,Merna
N,Nuala
R,Roniran
S,Shinkicker
T,Thonwan
A,Angharad
B,Brurek
C,Chradon
D,Desaivenkata
G,Golo
J,Jysla
K,Klaven
L,Lyssintra
M,Meronia
N,Nuala
R,Roquito
S,Shinoras
T,Thoran
A,Angiris
B,Brusco
C,Chronias
D,Desala
G,Golora
K,Klax
L,Lythrana
M,Merranyth
N,Nuelavi
R,Rora
S,Shipra
T,Thorash
A,Anglean
B,Bruten
C,Chuff
D,Desalen
G,Golthain
K,Klazarr
L,Lytsong
M,Merredin
N,Nuinqa
R,Rorent
S,Shir
T,Thordis
A,Angrael
B,Bruthwol
C,Chuna
D,Desara
G,Golya
K,Kleb
L,Lyundra
M,Merrin
N,Nuitari
R,Rorick
S,Shiriq
T,Thoricia
A,Angrar
B,Brynda
C,Chuyo
D,Desba
G,Gopal
K,Klennald
M,Mervic
N,Nular
R,Rortan
S,Shiroda
T,Thorik
A,Angrule
B,Brynnlaw
C,Chyrk
D,Desh
G,Goqua
K,Klepp
M,Merynda
N,Nulathae
R,Roscic
S,Shivet
T,Thorin
A,Anhaedra
B,Brysa
C,Chzandra
D,Desimar
G,Goralus
K,Kleva
M,Mesembria
N,Nuleno
R,Rosha
S,Shohab
T,Thorir
A,Anhardd
B,Buleath
C,Cianni
D,Desley
G,Goras
K,Klikita
M,Meserach
N,Numestra
R,Roshario
S,Shoikan
T,Thorlak
A,Aniari
B,Bunag
C,Ciaran
D,Desma
G,Gordan
K,Klinta
M,Mesi
N,Nunzio
R,Rosherren
S,Shoon
T,Thornber
A,Aniel
B,Burgell
C,Ciba
D,Desmera
G,Gordesh
K,Klisfurnim
M,Messakk
N,Nura
R,Roshna
S,Shotheri
T,Thorog
A,Anise
B,Burgrum
C,Cibald
D,Desna
G,Goren
K,Klorel
M,Messalo
N,Nurbis
R,Roshure
S,Shotherra
T,Thorolf
A,Anishta
B,Burnel
C,Cibant
D,Despina
G,Gorgrael
K,Kluver
M,Mestil
N,Nureldin
R,Rosmer
S,Shra
T,Thorona
A,Anitra
B,Buthek
C,Cicerenna
D,Desreta
G,Gorion
K,Klynkrith
M,Metaneira
N,Nurhaisa
R,Rossan
S,Shreekah
T,Thoros
A,Anjana
B,Byiak
C,Cidulla
D,Dessa
G,Goris
K,Klytal
M,Methena
N,Nuri
R,Rossano
S,Shuly
T,Thoros
A,Ankara
B,Bynarr
C,Cielo
D,Dessetra
G,Gorken
K,Kobus
M,Methild
N,Nurintha
R,Rossella
S,Shundar
T,Thorqua
A,Annora
B,Bynothas
C,Cileera
D,Destan
G,Gorlas
K,Kofte
M,Methneen
N,Nurion
R,Rosskeen
S,Shura
T,Thorsdottir
A,Annulus
C,Cilidarius
D,Destrios
G,Gorlaung
K,Kogagad
M,Methven
N,Nurith
R,Rosstan
S,Shyla
T,Thoumma
A,Anokatos
C,Cillian
D,Dethas
G,Gormagog
K,Kohl
M,Metron
N,Nurjehan
R,Rotessa
S,Sian
T,Thouria
A,Anolda
C,Cinadon
D,Detho
G,Gormoth
K,Kolja
M,Metzen
N,Nurul
R,Rothar
S,Sibervas
T,Thrade
A,Anred
C,Cindra
D,Dethyra
G,Gorrenet
K,Kolkis
M,Meyra
N,Nutan
R,Rothos
S,Sibyline
T,Thradulf
A,Ansgar
C,Cinerxes
D,Detus
G,Gorstalia
K,Kolmac
M,Mezel
N,Nvima
R,Rotsa
S,Sicarius
T,Thrasynos
A,Anshurr
C,Cinnard
D,Deucalion
G,Gortan
K,Komai
M,Mezro
N,Nyahl
R,Rotwald
S,Siccifus
T,Throme
A,Answen
C,Cinwyll
D,Devadarshan
G,Gorth
K,Konala
M,Mezzara
N,Nyambe
R,Roubik
S,Siddal
T,Thropo
A,Antal
C,Cinyras
D,Devadatta
G,Gorvon
K,Kontar
M,Mhaerthorn
N,Nyanza
R,Rouella
S,Sidimir
T,Thuba
A,Anteaus
C,Cirdan
D,Devae
G,Govannon
K,Koraz
M,Mhaorathil
N,Nyask
R,Rouen
S,Sidonia
T,Thulkas
A,Antek
C,Cirelle
D,Devecia
G,Gowen
K,Kordel
M,Mharcis
N,Nyatar
R,Routly
S,Sieber
T,Thullos
A,Antigonus
C,Cirenzo
D,Deveny
G,Gowron
K,Koreas
M,Mholomi
N,Nybor
R,Rovana
S,Siger
T,Thulmarra
A,Antoria
C,Ciressa
D,Deverin
G,Gozal
K,Korek
M,Micheri
N,Nycanora
R,Rove
S,Sigholt
T,Thulwar
A,Antos
C,Cirollenus
D,Devora
G,Grabthroat
K,Korenda
M,Micon
N,Nychyaella
R,Roven
S,Sigra
T,Thummim
A,Anwon
C,Cirvlon
D,Dewara
G,Graelin
K,Koresh
M,Midir
N,Nycia
R,Rovere
S,Sihtric
T,Thundaril
A,Anwyr
C,Cithaeron
D,Dexion
G,Graem
K,Korgunard
M,Midoryn
N,Nydas
R,Rovilla
S,Siina
T,Thurisa
A,Anzar
C,Citrine
D,Dexius
G,Graeme
K,Koriko
M,Miel
N,Nydelthia
R,Rovina
S,Sikklos
T,Thurl
A,Aothar
C,Citronella
D,Dhaivat
G,Grak
K,Koron
M,Mierani
N,Nyden
R,Rowan
S,Sil
T,Thurwin
A,Aowyr
C,Civet
D,Dhakos
G,Gramgrun
K,Korothir
M,Mierest
N,Nydos
R,Rowyll
S,Silath
T,Thusha
A,Aphrista
C,Clagius
D,Dhalmass
G,Gramlin
K,Korr
M,Migan
N,Nydrea
R,Rox
S,Silett
T,Thya
A,Aporos
C,Clariel
D,Dhulark
G,Grandy
K,Korrast
M,Migdala
N,Nygon
R,Royden
S,Siljan
T,Thymraeceus
A,Apule
C,Clava
D,Dhyana
G,Grania
K,Korrigan
M,Mihr
N,Nygren
R,Roynell
S,Silmathiel
T,Thyris
A,Arabel
C,Cleas
D,Dialia
G,Grarldan
K,Korvosa
M,Mika
N,Nyjala
R,Rualadeen
S,Silmiela
T,Thyrza
A,Arachin
C,Clellister
D,Diallah
G,Grastagon
K,Koryn
M,Miklos
N,Nykemia
R,Ruathym
S,Silnara
T,Thystram
A,Araekor
C,Clendon
D,Diamabel
G,Grastar
K,Kosef
M,Miktyr
N,Nykia
R,Rudra
S,Silonar
T,Tiada
A,Arael
C,Cleona
D,Dielle
G,Grastian
K,Kosgrim
M,Milaine
N,Nyla
R,Ruehar
S,Siloros
T,Tiadaros
A,Aramantus
C,Cletayne
D,Diera
G,Grawen
K,Kostas
M,Milana
N,Nyloth
R,Ruen
S,Silton
T,Tian
A,Aramite
C,Clibania
D,Dilcia
G,Graydon
K,Kostchtchie
M,Mildendo
N,Nym
R,Rufo
S,Silussa
T,Tiaret
A,Arandur
C,Clithe
D,Dilmun
G,Graymark
K,Kotha
M,Mileria
N,Nymar
R,Ruggio
S,Silvara
T,Tiax
A,Arathor
C,Cloanne
D,Diltreth
G,Grazdan
K,Kourosh
M,Mileth
N,Nymella
R,Ruha
S,Silverbeard
T,Tibbetts
A,Aravel
C,Clovaldo
D,Dima
G,Grazelle
K,Kova
M,Milez
N,Nymeria
R,Rulast
S,Silverblade
T,Tiboneus
A,Arawyn
C,Clunwawl
D,Dimmu
G,Gregoric
K,Koveras
M,Miliden
N,Nymia
R,Rulgin
S,Silverhorn
T,Ticnerani
A,Arbalia
C,Clyton
D,Dindrane
G,Gregos
K,Kozel
M,Milindeera
N,Nymyrra
R,Rulman
S,Silvershield
T,Tifalius
A,Arbane
C,Codgan
D,Dinoryn
G,Grelif
K,Kozora
M,Millias
N,Nyota
R,Rulonda
S,Silverstrike
T,Tika
A,Arbolyte
C,Coe
D,Diomedes
G,Grelyn
K,Krace
M,Millig
N,Nyra
R,Rulva
S,Silvius
T,Tildoma
A,Arbos
C,Coel
D,Dirinka
G,Gretek
K,Kragnar
M,Milmar
N,Nyralim
R,Rumiel
S,Simarka
T,Tilera
A,Arcas
C,Cointaker
D,Diriya
G,Grevo
K,Krana
M,Milovan
N,Nyree
R,Rumiko
S,Simiris
T,Tiloch
A,Arcen
C,Coleth
D,Disnov
G,Grevonica
K,Krance
M,Milran
N,Nyris
R,Runae
S,Simurgh
T,Timaia
A,Archaenassa
C,Colgomere
D,Divantia
G,Grex
K,Krangath
M,Milsantos
N,Nyrria
R,Runcel
S,Sindair
T,Timandra
A,Archean
C,Collazo
D,Djara
G,Grian
K,Krast
M,Mimura
N,Nyson
R,Rundaulus
S,Sindara
T,Timarchos
A,Archveult
C,Colm
D,Djaris
G,Grianiel
K,Krazos
M,Minaret
N,Nystrum
R,Runoel
S,Sink
T,Timias
A,Ardagundus
C,Colmarr
D,Djavan
G,Griddlebone
K,Kreighton
M,Mindirae
N,Nytera
R,Rupin
tha
T,Timor
A,Ardan
C,Comitia
D,Dmeshia
G,Gridhan
K,Krelios
M,Minoru
N,Nze
R,Rurto
S,Sinyalla
T,Timoteo
A,Ardeen
C,Comnall
D,Doane
G,Grigor
K,Krellick
M,Minos
R,Rusandra
S,Siobhan
T,Timoth
A,Ardella
C,Conemus
D,Doban
G,Grildas
K,Kren
M,Minsc
R,Rusheda
S,Siovron
T,Timozel
A,Ardemun
C,Connington
D,Dobin
G,Grilion
K,Kriane
M,Minshak
R,Rushton
S,Sira
T,Tinalis
A,Ardenor
C,Connovar
D,Dodek
G,Grillricas
K,Krillus
M,Minya
R,Rusindo
S,Siran
T,Tine
A,Arding
C,Convik
D,Dodona
G,Grima
K,Krim
M,Miodrag
R,Ruslana
S,Sircyn
T,Tinuviel
A,Ardra
C,Corabella
D,Dokiel
G,Grimlight
K,Krimmri
M,Mira
R,Rustan
S,Sirdan
T,Tionele
A,Areg
C,Coran
D,Dolabria
G,Grimwald
K,Krisak
M,Miralem
R,Rutana
S,Siriendra
T,Tiranoth
A,Arella
C,Coran
D,Dolendo
G,Gritha
K,Kriya
M,Miralidon
R,Rutesh
S,Sirrion
T,Tiranuil
A,Arethi
C,Corbray
D,Dolmed
G,Grobaras
K,Kronar
M,Miralul
R,Rutger
S,Sistoni
T,Tiress
A,Arethusa
C,Cordai
D,Domago
G,Grobler
K,Krosset
M,Mirdle
R,Rutmar
S,Sistus
T,Tiriala
A,Aretos
C,Cordesh
D,Donall
G,Grolantor
K,Krylac
M,Mirdromel
R,Ruulam
S,Sitina
T,Tirza
A,Arezu
C,Corean
D,Donatien
G,Groleo
K,Kryphus
M,Mirdu
R,Ruvelio
S,Sivan
T,Titarion
A,Arfox
C,Corend
D,Doness
G,Grolshar
K,Krystus
M,Mirek
R,Ruven
S,Sivvlur
T,Tiva
A,Argante
C,Coriana
D,Dongaill
G,Gromek
K,Krywood
M,Mirelidia
R,Ruxton
S,Skain
T,Tivona
A,Argeia
C,Corinth
D,Doniphos
G,Grondyn
K,Kuann
M,Mirella
R,Rybrin
S,Skalanx
T,Tivvian
A,Argen
C,Corishali
D,Donnelar
G,Grostliam
K,Kuhn
M,Miren
R,Rydag
S,Skaldor
T,Tiya
A,Argine
C,Coriss
D,Donoagi
G,Grulka
K,Kulanor
M,Mirendandra
R,Rydia
S,Skanda
T,Tiyet
A,Argul
C,Corkaury
D,Dontos
G,Grundava
K,Kulbir
M,Mireya
R,Ryella
S,Skara
T,Tlaco
A,Argyth
C,Corlandrion
D,Dorala
G,Gruunor
K,Kuldeep
M,Miriam
R,Ryfoss
S,Skawae
T,Tlana
A,Ariadne
C,Corliss
D,Doraldo
G,Grybek
K,Kulder
M,Mirielle
R,Rygel
S,Skeetul
T,Tobelo
A,Ariane
C,Cormac
D,Dorcorian
G,Gryfflet
K,Kulenov
M,Mirin
R,Rylan
S,Skeld
T,Tobit
A,Arick
C,Cormyra
D,Dordrien
G,Gryon
K,Kulmoris
M,Mirique
R,Ryld
S,Skelli
T,Tofic
A,Arien
C,Coroleas
D,Dorgan
G,Guarionex
K,Kulnichar
M,Mirja
R,Ryliira
S,Skellian
T,Togh
A,Arigal
C,Coronal
D,Dorisa
G,Guarlan
K,Kulria
M,Mirka
R,Rylock
S,Skirrak
T,Tola
A,Arilath
C,Coros
D,Dorjan
G,Gudelia
K,Kulver
M,Mirla
R,Ryltar
S,Sklar
T,Tolard
A,Arim
C,Corot
D,Dorna
G,Guenele
K,Kumar
M,Mirlande
R,Rylva
S,Skoan
T,Tolek
A,Arion
C,Correg
D,Dorothir
G,Guian
K,Kunjal
M,Mirniman
R,Rynn
S,Skoria
T,Tolgerias
A,Ariope
C,Corsini
D,Dorothis
G,Guian
K,Kunthea
M,Miro
R,Rynthia
S,Skoriaan
T,Tolinev
A,Arismal
C,Corszen
D,Dorough
G,Gula
K,Kura
M,Mirta
R,Ryohko
S,Skoric
T,Tolvise
A,Aristomachos
C,Corusk
D,Doruzed
G,Gulara
K,Kuroth
M,Mirza
R,Ryoka
S,Skoryx
T,Tomar
A,Ariston
C,Corvis
D,Dorvayn
G,Gulec
K,Kushagra
M,Mirzzen
R,Rysanna
S,Skosana
T,Tomasi
A,Arkhod
C,Corwon
D,Doschama
G,Gulshan
K,Kushk
M,Misael
R,Ryssa
S,Skrael
T,Tomek
A,Arkhosia
C,Cosme
D,Dosova
G,Gulvinys
K,Kusuma
M,Mishkov
R,Rythorn
S,Skraeth
T,Tomin
A,Arktos
C,Costayne
D,Dotan
G,Gulyas
K,Kuswanto
M,Miska
R,Ryuvik
S,Skurp
T,Tomojak
A,Arkwright
C,Courdan
D,Dottir
G,Gumesindo
K,Kwera
M,Missathac
R,Ryvette
S,Sladjana
T,Tomorast
A,Arkyn
C,Courynn
D,Dovev
G,Gundarak
K,Kyala
M,Mistelle
R,Ryvin
S,Slakthor
T,Tondriel
A,Arlana
C,Courynna
D,Dowager
G,Gundluru
K,Kyaris
M,Mithalvarin
S,Sleeba
T,Tonen
A,Arleand
C,Covelo
D,Dower
G,Gundron
K,Kybal
M,Mithcal
S,Slingsby
T,Tonkin
A,Arlin
C,Craemmol
D,Dowthe
G,Gundrothu
K,Kydian
M,Mitheus
S,Sluttergut
T,Tonwald
A,Arlogh
C,Cragus
D,Drachys
G,Gunenthran
K,Kyena
M,Mittwoch
S,Sluvina
T,Toomey
A,Armandek
C,Crand
D,Drada
G,Gunnar
K,Kyiana
M,Mitya
S,Slythus
T,Toraq
A,Armida
C,Cranwyn
D,Drael
G,Gunov
K,Kylira
M,Miyana
S,Smitesh
T,Torbett
A,Arminta
C,Cras
D,Dragana
G,Guntar
K,Kylona
M,Miyeritar
S,Smytron
T,Tordan
A,Armuna
C,Cray
D,Dragathil
G,Guoxia
K,Kylos
M,Mizar
S,Solan
T,Torga
A,Arnthora
C,Creax
D,Dragonthorne
G,Gurang
K,Kynda
M,Mizzrym
S,Solana
T,Torgou
A,Arny
C,Creb
D,Drakar
G,Gurgan
K,Kynthia
M,Moac
S,Soldekai
T,Toriano
A,Arobar
C,Credia
D,Drakin
G,Guriman
K,Kyphanta
M,Moadine
S,Solea
T,Torin
A,Aroden
C,Creighton
D,Drakov
G,Gurski
K,Kypri
M,Moana
S,Solenzara
T,Torisk
A,Arolinde
C,Cremnain
D,Dralas
G,Gurudath
K,Kyralyn
M,Moazam
S,Solis
T,Torlo
A,Arolme
C,Crespo
D,Dralasca
G,Gurza
K,Kyredos
M,Mobin
S,Sollio
T,Torloch
A,Arrak
C,Cressa
D,Dranith
G,Guth
K,Kyriel
M,Mochan
S,Solmish
T,Torman
A,Arridad
C,Cressen
D,Dranzorg
G,Gwalchmai
K,Kyros
M,Moclyss
S,Solomnent
T,Torneo
A,Arrille
C,Cressen
D,Draren
G,Gwange
K,Kyrran
M,Moddasir
S,Soloraus
T,Toros
A,Arshav
C,Creth
D,Drash
G,Gwastl
K,Kysus
M,Modeko
S,Solvadale
T,Torren
A,Arsidus
C,Creylen
D,Draskilion
G,Gweis
M,Modena
S,Soma
T,Torretta
A,Arslan
C,Cridan
D,Drasus
G,Gwenna
M,Modessa
S,Somel
T,Torshorak
A,Artan
C,Criet
D,Draupnir
G,Gwennoan
M,Modugno
S,Somos
T,Torvin
A,Artego
C,Crilgarin
D,Drava
G,Gwillon
M,Moges
S,Sondal
T,Tostig
A,Artelas
C,Crimmor
D,Draylind
G,Gwindor
M,Moglas
S,Songtorn
T,Tosya
A,Arten
C,Crinishod
D,Dreagus
G,Gwint
M,Mohana
S,Sophaeno
T,Totnes
A,Artha
C,Criston
D,Dreayth
G,Gwiraa
M,Mohapatra
S,Sophronan
T,Totugo
A,Arthagall
C,Crius
D,Dreddle
G,Gwyn
M,Mohd
S,Sopsek
T,Tounclare
A,Arthegal
C,Crobbel
D,Drefan
G,Gwythyn
M,Moiragh
S,Soraya
T,Tovag
A,Artilia
C,Crocus
D,Drekkon
G,Gylharen
M,Mojgan
S,Sorella
T,Traen
A,Artivio
C,Crommach
D,Drel
G,Gymox
M,Mokagkt
S,Soren
T,Traian
A,Artor
C,Cronan
D,Drelaseth
G,Gythiom
M,Mokrane
S,Soretyo
T,Traldar
A,Arumdina
C,Cronberg
D,Drelb
M,Moktar
S,Sorezen
T,Tralen
A,Arundel
C,Crosse
D,Drelik
M,Moldolph
S,Soris
T,Tran
A,Arvan
C,Crowmist
D,Drelsin
M,Molitor
S,Sorli
T,Travell
A,Arvandor
C,Crozie
D,Dremmeris
M,Molkar
S,Sorn
T,Traven
A,Arveene
C,Csaba
D,Drendari
M,Mollana
S,Sorsha
T,Treager
A,Arvel
C,Csalan
D,Dresele
M,Mollem
S,Sorush
T,Trelditha
A,Arvia
C,Csindrila
D,Drevion
M,Mollos
S,Sotana
T,Tremona
A,Arviden
C,Csittanko
D,Drevnar
M,Molong
S,Sottilde
T,Trendan
A,Aryn
C,Cudzu
D,Drewet
M,Molonna
S,Soudana
T,Trenin
A,Arzail
C,Culd
D,Drexel
M,Molorio
S,Soulenai
T,Trianda
A,Asdrorien
C,Cullum
D,Driadore
M,Molydeus
S,Sova
T,Triel
A,Aseir
C,Culumaire
D,Driander
M,Momar
S,Sovann
T,Trienn
A,Asenath
C,Curdon
D,Driend
M,Monali
S,Sovor
T,Triggoin
A,Asfollen
C,Curia
D,Drilenis
M,Moncef
S,Sowki
T,Trinette
A,Ashakar
C,Curran
D,Drille
M,Mondasso
S,Sparte
T,Tristessa
A,Ashald
C,Cutter
D,Drinar
M,Mondraia
S,Spinel
T,Trivarian
A,Ashara
C,Cwell
D,Dris
M,Mondro
S,Spinyon
T,Troa
A,Ashdod
C,Cyf
D,Drisana
M,Monford
S,Sprek
T,Troppenribb
A,Ashdown
C,Cylethor
D,Driscoll
M,Monro
S,Ssrith
T,Trotula
A,Ashling
C,Cyllene
D,Drisisnil
M,Montainel
S,Staciel
T,Troven
A,Ashmeddai
C,Cymnia
D,Drivous
M,Montaron
S,Stalexia
T,Troyes
A,Ashralaam
C,Cymoril
D,Drogo
M,Montavia
S,Stalsis
T,Troyven
A,Askam
C,Cymrillian
D,Drokkus
M,Montaz
S,Stalt
T,Trueaxe
A,Askel
C,Cynara
D,Drona
M,Mora
S,Stebic
T,Trueblade
A,Asmiak
C,Cynesige
D,Droncain
M,Morain
S,Steelshadow
T,Truehammer
A,Assaracus
C,Cynoora
D,Drost
M,Moranar
S,Stellan
T,Trueshield
A,Assirari
C,Cynric
D,Druekin
M,Morasha
S,Stesha
T,Tsalaroth
A,Astarra
C,Cynthoria
D,Druena
M,Morcane
S,Stigand
T,Tsirana
A,Asterion
C,Cynyr
D,Drunlo
M,Morcar
S,Stleen
T,Tsitra
A,Astragalus
C,Cyra
D,Druse
M,Morciana
S,Stoan
T,Tsiya
A,Astron
C,Cyrila
D,Drusion
M,Mordent
S,Stollos
T,Tual
A,Aszrad
C,Cyrillus
D,Druuth
M,Mordi
S,Stoneblade
T,Tuenna
A,Atala
C,Cythera
D,Druxus
M,Mordien
S,Stonecrusher
T,Tuerny
A,Atemae
C,Cytorak
D,Dryaalis
M,Morelia
S,Stonehaul
T,Tufala
A,Athchos
C,Cytos
D,Duar
M,Morenia
S,Stoneshield
T,Tuivoreth
A,Athelm
D,Duessa
M,Morevo
S,Stonethrower
T,Tuka
A,Atherton
D,Dugald
M,Morgance
S,Strand
T,Tulah
A,Athren
D,Dugbo
M,Morganer
S,Straton
T,Tulie
A,Athrys
D,Dukhar
M,Moria
S,Strellop
T,Tulrun
A,Athtor
D,Duklos
M,Morieth
S,Striv
T,Tupan
A,Athyn
D,Dulama
M,Moriloth
S,Stronmaus
T,Turantharaxus
A,Atieh
D,Dulan
M,Morkan
S,Struam
T,Tureen
A,Atlak
D,Dulcimae
M,Morla
S,Strybele
T,Turghan
A,Atrina
D,Dulnea
M,Mormhaor
S,Sturla
T,Turgny
A,Atrium
D,Dulonar
M,Moros
S,Stweeb
T,Turia
A,Attaroa
D,Dulsaer
M,Morriblu
S,Suadela
T,Turlough
A,Aubaureer
D,Duluth
M,Morsallus
S,Sucheera
T,Turon
A,Aubric
D,Duma
M,Morthin
S,Sudeik
T,Turrelm
A,Auden
D,Dunaver
M,Morthon
S,Sudi
T,Turros
A,Audern
D,Dunbar
M,Mortwick
S,Sugorna
T,Tursla
A,Audraine
D,Dunbert
M,Morven
S,Sula
T,Tusmit
A,Audrianna
D,Dundragon
M,Morvian
S,Sulanok
T,Tuveso
A,Augra
D,Dunkley
M,Morvik
S,Suldanessellar
T,Tuvinius
A,Auguhol
D,Dunrone
M,Moryson
S,Suleiman
T,Tvashtri
A,Aulaire
D,Durbin
M,Mosmira
S,Sulhaut
T,Tverny
A,Aulunmar
D,Durclan
M,Mosstone
S,Sulmish
T,Tyburn
A,Aulwyr
D,Dureel
M,Motopua
S,Sulward
T,Tychagar
A,Aumanil
D,Durhan
M,Mottul
S,Sumpko
T,Tyermaillin
A,Aurek
D,Duril
M,Moughal
S,Sumyr
T,Tyranicus
A,Aurelio
D,Durimal
M,Mourgos
S,Suna
T,Tyravel
A,Aurikallos
D,Durin
M,Mourgram
S,Sungaea
T,Tyrisa
A,Aurnic
D,Durnik
M,Mourngrym
S,Sunhilda
T,Tyrre
A,Auroch
D,Durwood
M,Movis
S,Sunitra
T,Tyrus
A,Austilan
D,Dusya
M,Mudo
S,Sunniva
T,Tyseia
A,Autorian
D,Duvamil
M,Muhar
S,Sunsoar
T,Tzalice
A,Auvidarus
D,Duvessa
M,Muhil
S,Suntrana
T,Tzaravich
A,Auzerais
D,Dvora
M,Mukesh
S,Surdulica
A,Avahir
D,Dvorak
M,Mulia
S,Suron
A,Avaldamon
D,Dy'neer
M,Mulpet
S,Sustarre
A,Avanoa
D,Dy'nesend
M,Multane
S,Suulka
A,Avaron
D,Dydyn
M,Multrax
S,Suzerain
A,Avaxa
D,Dyerwaen
M,Mulugeta
S,Svanhildur
A,Avel
D,Dymia
M,Muluken
S,Svarog
A,Avendera
D,Dynaheir
M,Munar
S,Svati
A,Avernus
D,Dynnwel
M,Mungle
S,Sveri
A,Aviatrix
D,Dynos
M,Munira
S,Sveta
A,Avicenna
D,Dyrbos
M,Muntasir
S,Svetomir
A,Avilondra
D,Dyren
M,Munuren
S,Swe
A,Avir
D,Dyvim
M,Munzer
S,Sydanus
A,Avramson
D,Dzondria
M,Murberias
S,Syhana
A,Avrubel
M,Murdagh
S,Syitheus
A,Ayiana
M,Murdaugh
S,Sykerylor
A,Aylara
M,Murdoc
S,Sylgan
A,Aylomen
M,Murex
S,Syllareta
A,Ayzle
M,Murgol
S,Sylvana
A,Azden
M,Murgoth
S,Symrustar
A,Azhure
M,Murithi
S,Synduil
A,Azla
M,Murkle
S,Synnoria
A,Azlaer
M,Mursal
S,Syrah
A,Azle
M,Murshed
S,Syranita
A,Azmira
M,Murtosa
S,Syroth
A,Aznar
M,Murugan
S,Sythaeryn
A,Azonia
M,Murugesh
S,Sythsillis
A,Azoth
M,Murunay
S,Szalmiys
A,Azra
M,Murville
S,Szanto
A,Azzedar
M,Murvoma
S,Szapora
M,Murya
S,Szollos
M,Musa
S,Szordrin
M,Musenda
M,Musiri
M,Muthanna
M,Muxos
M,Muya
M,Mycale
M,Myddin
M,Myfa
M,Myghal
M,Mykret
M,Mylene
M,Myracel
M,Myranica
M,Myrdon
M,Myrio
M,Myristyl
M,Myrka
M,Myrlande
M,Myrlyn
M,Myrmia
M,Myrna
M,Myrrha
M,Myrrine
M,Myrskyla
M,Myrymma
M,Myshella
M,Mysia
M,Mythany
M,Mythrellaa
M,Myzo
